year,county,president_dem,president_rep,president_total,governor_dem,governor_rep,governor_total,us_senate_dem,us_senate_rep,us_senate_total,attorney_general_dem,attorney_general_rep,attorney_general_total,cfo_dem,cfo_rep,cfo_total,agriculture_commissioner_dem,agriculture_commissioner_rep,agriculture_commissioner_total,us_house_dem,us_house_rep,us_house_total,state_senate_dem,state_senate_rep,state_senate_total,state_house_dem,state_house_rep,state_house_total
2010,Alachua,0,0,0,43933,28129,73961,21314,29825,74476,37225,32275,72135,36100,31958,71285,34821,31830,71213,8964,38062,68670,40076,32976,73052,19791,22993,43655
2010,Baker,0,0,0,2731,4940,7924,1031,5435,7995,1926,5502,7772,1735,5624,7737,1778,5532,7796,0,6399,7724,0,0,0,0,0,0
2010,Bay,0,0,0,15689,36512,54997,6028,40408,55646,11911,38387,53622,12797,39041,54087,12054,37392,53886,12338,40048,55529,1493,4834,7586,10905,44127,55032
2010,Bradford,0,0,0,2983,4850,8075,1374,5156,8135,2291,5090,7957,2077,5202,7755,2036,5502,8002,0,6212,7824,2598,5400,7998,0,0,0
2010,Brevard,0,0,0,80865,106838,196391,32069,107930,198788,67807,118295,194371,63761,118598,190572,62336,114210,191468,66899,127020,193965,0,70606,104265,41918,68759,110677
2010,Broward,0,0,0,271606,140445,420531,133026,133264,420243,249704,148069,412203,227889,165093,402502,233554,147983,402158,240866,133511,382700,90704,66995,161744,156771,70712,254004
2010,Calhoun,0,0,0,1855,2201,4296,597,2772,4313,1210,2567,4125,1376,2557,4136,1048,2973,4264,1265,2724,4323,2920,1157,4238,873,3375,4248
2010,Charlotte,0,0,0,23838,32207,59381,6932,31258,60199,18978,37198,58996,18623,36700,58051,17363,36316,58229,18765,39258,58573,23,59,82,12248,24113,36361
2010,Citrus,0,0,0,21596,29925,54808,6374,27517,55572,18560,33175,54710,16400,33924,53917,15398,33974,54180,17318,36087,53405,0,0,0,0,0,0
2010,Clay,0,0,0,17246,44547,63667,7253,44926,64225,13590,46528,62556,12864,46768,62713,12745,45331,62535,989,50076,62098,0,0,0,1767,6763,8530
2010,Collier,0,0,0,33408,66960,102833,8876,66349,103275,27094,70656,100458,23048,70429,95977,23363,69666,98920,24756,71790,101040,0,0,0,1565,27767,38304
2010,Columbia,0,0,0,7068,11089,18905,3056,11874,19110,5462,12302,18722,5108,12546,18532,5083,12142,18752,0,13866,18068,4080,9858,13938,8011,9751,18795
2010,Desoto,0,0,0,2887,3667,6906,1104,3608,7002,2244,4266,6842,2306,4110,6671,1931,4632,6849,2171,4659,6830,0,0,0,0,0,0
2010,Dixie,0,0,0,2058,2810,5239,914,3038,5266,1544,3050,5072,1581,3023,5031,1600,2908,5088,1641,3228,5272,0,0,0,2687,2485,5172
2010,Duval,0,0,0,120097,135074,261785,72184,140447,264036,103748,144489,257379,99898,146348,255587,100327,137830,254521,43202,163153,252115,33415,51025,84478,30611,103837,146201
2010,Escambia,0,0,0,36873,54607,95916,18377,55364,97514,31697,58467,94712,31204,58691,93575,29894,56709,94155,0,68628,89923,0,42444,53616,15677,69245,86784
2010,Flagler,0,0,0,14430,17711,33476,6764,17617,33715,12742,18894,32937,12036,18655,32450,12112,18273,32727,11646,21022,32668,13336,17593,30996,12757,19310,32067
2010,Franklin,0,0,0,1945,1938,4061,654,2223,4075,1477,2203,3908,1763,1979,3853,1538,2120,3912,1673,2216,4082,2067,1715,3941,1786,2111,3897
2010,Gadsden,0,0,0,12067,4324,16698,7894,4411,16760,11149,4747,16457,12057,4032,16361,11431,4540,16493,11186,4783,16559,13158,3010,16493,585,877,1462
2010,Gilchrist,0,0,0,1797,3321,5382,646,3531,5425,1321,3627,5353,1327,3566,5327,1181,3589,5321,0,4186,5278,1544,3778,5322,2071,2916,5358
2010,Glades,0,0,0,1072,1616,2785,341,1598,2802,897,1695,2739,857,1751,2724,745,1870,2767,872,1874,2749,395,821,1216,0,0,0
2010,Gulf,0,0,0,1779,2960,5036,724,3441,5069,1410,3215,4942,1458,3202,4827,1345,3286,4950,1371,3425,5082,2204,2529,4925,1219,3751,4970
2010,Hamilton,0,0,0,1865,1919,3991,1098,1966,4003,1552,2114,3900,1656,2024,3858,1613,2019,3922,0,2567,3551,0,0,0,2549,1354,3903
2010,Hardee,0,0,0,1881,3116,5220,771,2862,5278,1521,3325,5082,1438,3359,5042,1122,3924,5202,1262,3834,5096,0,0,0,0,4547,4550
2010,Hendry,0,0,0,2743,3551,6517,1355,3681,6571,2271,3835,6396,2184,3817,6227,2015,4164,6437,2384,4055,6439,0,0,0,0,0,0
2010,Hernando,0,0,0,25127,30056,58325,8020,27413,59186,20873,34726,58221,19147,34895,57238,18223,35385,57547,17913,39894,57807,0,0,0,20779,30675,51454
2010,Highlands,0,0,0,11143,17171,29847,4360,16489,30286,9322,19034,29755,8294,19457,29335,8084,19795,29660,8707,20704,29414,0,0,0,0,2723,2725
2010,Hillsborough,0,0,0,158995,148429,317566,63451,144906,321120,124582,181026,314807,120267,178944,311234,111839,185103,310946,131911,171501,309101,16851,175029,193053,102352,121510,231606
2010,Holmes,0,0,0,1636,4067,6054,570,4501,6076,1215,4207,5958,1245,4368,5883,1209,4238,5989,0,5072,5883,0,4523,5727,0,0,0
2010,Indian River,0,0,0,17650,27935,47403,6053,29288,48107,14341,29036,45397,12951,31505,46224,11960,30232,45485,13727,32083,45810,0,0,0,0,26048,26225
2010,Jackson,0,0,0,6898,7420,14942,3434,9115,15067,5385,8559,14766,5616,8597,14642,5300,8715,14794,5457,8800,15042,7449,6666,14557,2389,6080,8469
2010,Jefferson,0,0,0,3606,2455,6220,1886,2476,6259,3200,2627,6104,3702,2284,6137,3182,2698,6182,1745,3014,5884,2742,1252,4104,4307,1834,6141
2010,Lafayette,0,0,0,980,1405,2502,277,1614,2512,677,1585,2427,684,1561,2366,635,1697,2477,636,1747,2533,0,0,0,1066,1349,2521
2010,Lake,0,0,0,40400,56790,101910,18770,60967,103302,33830,63339,101038,30260,64387,99642,30371,63522,100130,26975,65534,99659,30251,64899,95150,18721,62433,92487
2010,Lee,0,0,0,68041,107460,181901,18655,103169,180355,53778,115132,176434,49605,116198,172631,47336,114810,174534,52756,120157,181204,25710,51631,77341,17404,64191,97448
2010,Leon,0,0,0,66477,31328,99703,24689,34222,100480,54133,39041,96522,63971,33159,98660,56639,36173,97134,54021,37996,98388,56786,19944,79128,39387,29776,69163
2010,Levy,0,0,0,4711,7405,12731,2250,7613,12816,3907,7930,12553,3898,7861,12483,3680,7608,12593,2809,8704,12221,2708,5272,7980,5198,5965,11163
2010,Liberty,0,0,0,1050,1020,2195,304,1228,2209,742,1207,2146,894,1156,2139,773,1286,2173,821,1240,2207,1594,556,2206,508,1664,2172
2010,Madison,0,0,0,3281,2794,6286,1990,2758,6318,2918,2972,6192,3248,2759,6208,3094,2897,6263,0,3710,5690,3295,1941,5423,4460,1708,6168
2010,Manatee,0,0,0,44284,57459,105974,14363,53127,107297,37193,64083,105156,32863,66176,103464,32340,64957,103516,32607,72805,105412,0,0,0,19252,63813,101435
2010,Marion,0,0,0,46449,61978,114361,21377,64565,115808,39683,68500,113749,37321,66893,111689,37155,65599,112209,11406,73127,110528,11530,20054,31584,30805,60604,92924
2010,Martin,0,0,0,21946,30416,54246,5922,31935,55061,16998,33762,52950,14906,36612,53192,13511,34258,51204,14212,39096,53344,0,0,0,5564,11594,17158
2010,Miami-Dade,0,0,0,274638,204918,487888,146029,220305,491895,251170,204792,469855,223644,214932,451278,230795,207599,458014,192128,157321,367121,82229,179593,277387,111171,182598,300042
2010,Monroe,0,0,0,12577,12608,26130,4252,11282,26438,10602,13175,25178,9806,13564,24481,10238,12186,24779,7481,17310,24793,0,0,0,15948,8505,26012
2010,Nassau,0,0,0,7683,18275,26821,3153,18458,27098,6364,18900,26529,5787,19373,26302,5794,18303,26258,0,21064,26077,3799,5742,9541,0,0,0
2010,Okaloosa,0,0,0,14499,42200,60876,6007,44084,61835,11337,44745,59852,11571,44714,59522,10676,42610,59677,1246,48994,59339,0,14793,18780,799,7493,8854
2010,Okeechobee,0,0,0,3375,4453,8215,1106,4550,8309,2858,4642,8030,2447,5294,8054,2121,5639,8170,2546,5593,8139,0,0,0,1786,4235,6333
2010,Orange,0,0,0,147509,117191,271926,79616,130903,274973,124519,131694,263903,112518,134235,254204,116315,131739,260018,125180,136855,269759,0,21004,32931,79285,118309,215173
2010,Osceola,0,0,0,27469,24053,53395,15100,26008,53847,23970,26396,52253,22569,26782,51153,22610,26411,51508,23340,27015,50611,0,0,0,23357,25057,52454
2010,Palm Beach,0,0,0,223194,151406,383853,75242,153256,387523,201383,166123,377993,171562,196067,375949,174322,182647,371952,207807,167772,375856,77213,78640,160774,150472,118566,270314
2010,Pasco,0,0,0,59098,70635,136558,17589,64141,138245,47041,81210,134123,43894,81815,133587,41609,82961,133785,43606,89602,133208,0,50861,51057,22289,43455,65744
2010,Pinellas,0,0,0,153865,136657,303380,51629,122339,307851,126681,162377,301073,111240,169909,293357,108581,169191,295695,108163,192880,301043,30091,49048,79139,128617,140278,271408
2010,Polk,0,0,0,68168,85693,160204,30899,79274,162308,58115,94430,158474,57369,92673,156458,48405,105427,160950,63025,79441,159486,0,3628,3632,15660,83634,114079
2010,Putnam,0,0,0,8237,12438,21442,4351,12869,21630,7309,12952,21111,6570,13435,20994,6159,14121,21278,5800,14941,21306,1935,3283,5218,0,0,0
2010,Santa Rosa,0,0,0,12371,34523,49743,3837,35461,50413,9434,36721,49085,9190,36928,48511,8660,35472,48998,0,40188,48674,0,21562,26817,451,30532,36559
2010,Sarasota,0,0,0,66551,73089,145282,18279,68284,147507,56354,81760,143120,47391,88501,140964,46341,84711,140502,47434,97148,144582,0,0,0,58723,82117,141298
2010,Seminole,0,0,0,59412,68351,131927,26449,76550,133828,48547,78507,130684,42916,81508,128513,43461,79199,128886,46599,84802,131587,3212,18526,26630,34026,50423,88523
2010,St. Johns,0,0,0,25054,47573,74754,8365,49761,75625,18606,51869,72720,18066,52506,72927,17517,50252,72410,18110,55715,73825,17104,27053,44161,14059,36219,50278
2010,St. Lucie,0,0,0,38029,34321,75646,16472,36218,76436,33412,37250,74423,30467,40616,74193,28947,40547,74173,30859,43793,74708,0,0,0,21604,36921,58566
2010,Sumter,0,0,0,14060,25845,41825,5613,26805,42425,11664,28573,41593,11096,28236,41073,10971,27387,40960,11583,29024,40607,9659,25420,35079,970,29546,37677
2010,Suwannee,0,0,0,4417,8355,13405,1776,8783,13513,3582,8911,13198,3587,8741,12938,3615,8580,13247,3546,9054,13436,0,0,0,4515,8054,13390
2010,Taylor,0,0,0,2457,3910,6628,1096,3932,6652,2108,3920,6487,2485,3783,6483,2601,3542,6559,2127,3987,6671,0,0,0,3941,2645,6586
2010,Union,0,0,0,1667,1781,3578,585,2266,3621,1101,2195,3492,905,2280,3427,849,2511,3537,0,2801,3433,1108,2422,3530,0,0,0
2010,Volusia,0,0,0,73765,77039,157444,33913,79727,159162,63254,85955,155378,58851,86977,152373,58520,85753,153540,61611,94541,156327,23709,34586,58296,44224,81966,138967
2010,Wakulla,0,0,0,5121,5439,10986,1439,5431,11059,3959,5930,10709,5225,5214,10795,4782,5273,10843,4260,5965,11010,6117,4182,10796,4077,6520,10597
2010,Walton,0,0,0,5072,12744,18876,1820,13613,19066,3808,13858,18685,3905,13738,18390,3618,13069,18417,1878,14480,18609,0,7895,9928,1942,6314,8256
2010,Washington,0,0,0,2511,4993,8006,1192,5556,8095,2091,5246,7923,2103,5422,7892,2006,5268,7939,0,6072,7523,0,5580,7297,0,0,0
2020,Alachua,89704,50972,142604,0,0,137106,0,0,0,0,0,0,0,0,0,0,0,0,86857,52914,139771,0,0,0,45398,36518,81916
2020,Baker,2037,11911,14059,0,0,13266,0,0,0,0,0,0,0,0,0,0,0,0,2476,11329,13805,2017,11646,13663,1830,12001,13831
2020,Bay,25614,66097,93024,0,0,88193,0,0,0,0,0,0,0,0,0,0,0,0,0,76997,78363,0,0,0,23848,61456,85304
2020,Bradford,3160,10334,13632,0,0,12681,0,0,0,0,0,0,0,0,0,0,0,0,3302,9965,13267,3007,10083,13090,3286,9761,13047
2020,Brevard,148549,207883,360764,0,0,340207,0,0,0,0,0,0,0,0,0,0,0,0,139769,215686,355455,83549,132043,224521,137612,213561,351186
2020,Broward,618752,333409,957672,0,0,868349,0,0,0,0,0,0,0,0,0,0,0,0,608589,322619,932918,141864,29319,171522,216419,120112,348016
2020,Calhoun,1209,5274,6526,0,0,6097,0,0,0,0,0,0,0,0,0,0,0,0,0,5662,5677,1334,4884,6218,1066,5105,6171
2020,Charlotte,42273,73243,116340,0,0,109005,0,0,0,0,0,0,0,0,0,0,0,0,38633,73809,113973,22512,40512,64144,39972,72913,112885
2020,Citrus,27092,65352,93208,0,0,86257,0,0,0,0,0,0,0,0,0,0,0,0,26816,64293,91109,0,0,0,22081,67670,89751
2020,Clay,38317,84480,124405,0,0,118089,0,0,0,0,0,0,0,0,0,0,0,0,38040,84221,122261,34852,86412,121264,34624,83460,121183
2020,Collier,77621,128950,207818,0,0,185151,0,0,0,0,0,0,0,0,0,0,0,0,36612,69227,105840,0,0,0,71792,130364,202156
2020,Columbia,8914,23836,33042,0,0,31202,0,0,0,0,0,0,0,0,0,0,0,0,2033,26051,28352,8174,23641,31815,7683,24236,31919
2020,Desoto,4259,8313,12659,0,0,11697,0,0,0,0,0,0,0,0,0,0,0,0,4050,8171,12357,0,0,0,4018,8216,12234
2020,Dixie,1365,6759,8167,0,0,7440,0,0,0,0,0,0,0,0,0,0,0,0,0,6993,7034,1282,6416,7698,1165,6731,7896
2020,Duval,252556,233762,492820,0,0,471613,0,0,0,0,0,0,0,0,0,0,0,0,252809,233045,485871,0,0,0,137871,190819,328690
2020,Escambia,70929,96674,170372,0,0,158845,0,0,0,0,0,0,0,0,0,0,0,0,73582,93078,168928,67706,99500,167206,66821,100105,166926
2020,Flagler,28161,43043,71716,0,0,65042,0,0,0,0,0,0,0,0,0,0,0,0,26257,43346,69617,26722,41816,68540,26345,42186,68531
2020,Franklin,2120,4675,6849,0,0,6382,0,0,0,0,0,0,0,0,0,0,0,0,0,5220,5356,2132,4454,6586,1800,4738,6538
2020,Gadsden,16153,7465,23762,0,0,22896,0,0,0,0,0,0,0,0,0,0,0,0,16783,6875,23658,15268,7855,23123,0,0,0
2020,Gilchrist,1700,7895,9685,0,0,9178,0,0,0,0,0,0,0,0,0,0,0,0,0,8484,8560,1543,7862,9405,1538,8001,9539
2020,Glades,1385,3782,5193,0,0,4943,0,0,0,0,0,0,0,0,0,0,0,0,1319,3685,5077,0,0,0,1354,3749,5103
2020,Gulf,1985,6113,8163,0,0,7660,0,0,0,0,0,0,0,0,0,0,0,0,0,6806,6880,1911,5996,7907,1587,6341,7928
2020,Hamilton,1963,3815,5830,0,0,5420,0,0,0,0,0,0,0,0,0,0,0,0,2133,3579,5712,1862,3826,5688,1772,3842,5614
2020,Hardee,2298,6122,8485,0,0,8182,0,0,0,0,0,0,0,0,0,0,0,0,2422,5771,8327,0,0,0,2153,6156,8309
2020,Hendry,4929,7906,12940,0,0,12113,0,0,0,0,0,0,0,0,0,0,0,0,0,0,0,0,0,0,4950,7433,12383
2020,Hernando,37519,70412,108922,0,0,102960,0,0,0,0,0,0,0,0,0,0,0,0,37530,68885,106415,0,0,0,36749,68808,105557
2020,Highlands,16938,34873,52170,0,0,48032,0,0,0,0,0,0,0,0,0,0,0,0,15807,34540,50933,0,0,0,16220,34720,50943
2020,Hillsborough,376367,327398,712063,0,0,661465,0,0,0,0,0,0,0,0,0,0,0,0,378718,319855,698573,226166,119501,408654,254026,272798,530007
2020,Holmes,924,8080,9068,0,0,8478,0,0,0,0,0,0,0,0,0,0,0,0,587,7960,8653,0,0,0,0,0,0
2020,Indian River,37844,58872,97484,0,0,91266,0,0,0,0,0,0,0,0,0,0,0,0,34585,61055,95640,30966,61517,94877,31445,63052,94497
2020,Jackson,6766,15488,22419,0,0,21239,0,0,0,0,0,0,0,0,0,0,0,0,0,18262,18403,0,0,0,0,0,0
2020,Jefferson,3897,4479,8451,0,0,8041,0,0,0,0,0,0,0,0,0,0,0,0,3800,4427,8238,3828,4523,8351,3572,4673,8245
2020,Lafayette,510,3128,3658,0,0,3485,0,0,0,0,0,0,0,0,0,0,0,0,0,3307,3327,500,3056,3556,457,3094,3551
2020,Lake,83505,125859,211314,0,0,200886,0,0,0,0,0,0,0,0,0,0,0,0,78953,127508,206481,0,0,0,82244,122851,205095
2020,Lee,157695,233247,393899,0,0,357963,0,0,0,0,0,0,0,0,0,0,0,0,150267,230833,381780,115537,176954,292491,141482,233154,374636
2020,Leon,103517,57453,162929,0,0,154687,0,0,0,0,0,0,0,0,0,0,0,0,60937,68968,133274,99391,59937,159328,60357,45628,105985
2020,Levy,6205,16749,23145,0,0,21729,0,0,0,0,0,0,0,0,0,0,0,0,0,18959,19142,5806,16516,22322,5828,16536,22364
2020,Liberty,694,2846,3561,0,0,3271,0,0,0,0,0,0,0,0,0,0,0,0,0,2973,2984,851,2521,3372,608,2680,3288
2020,Madison,3747,5576,9380,0,0,8919,0,0,0,0,0,0,0,0,0,0,0,0,3990,5261,9251,3647,5527,9174,3471,5583,9054
2020,Manatee,90166,124987,216958,0,0,205742,0,0,0,0,0,0,0,0,0,0,0,0,86698,128072,214770,81266,130376,211642,72963,121952,194915
2020,Marion,74858,127826,204376,0,0,188834,0,0,0,0,0,0,0,0,0,0,0,0,61140,129933,191452,3199,7281,10480,63263,118136,181399
2020,Martin,36893,61168,98726,0,0,91838,0,0,0,0,0,0,0,0,0,0,0,0,31205,64874,98070,31136,64581,95717,31541,64160,95701
2020,Miami-Dade,617864,532833,1156816,0,0,1040102,0,0,0,0,0,0,0,0,0,0,0,0,522075,393803,926056,271204,202069,482511,295010,415153,710174
2020,Monroe,21881,25693,48029,0,0,44858,0,0,0,0,0,0,0,0,0,0,0,0,21397,25554,46951,19383,26117,46534,19882,26492,46374
2020,Nassau,15564,42566,58811,0,0,54848,0,0,0,0,0,0,0,0,0,0,0,0,16225,42045,58270,0,0,0,15107,42227,57334
2020,Okaloosa,34248,79798,116373,0,0,110337,0,0,0,0,0,0,0,0,0,0,0,0,34966,78035,114878,4280,7378,11658,29857,82508,112376
2020,Okeechobee,4390,11470,15954,0,0,14985,0,0,0,0,0,0,0,0,0,0,0,0,4129,11082,15489,0,0,0,4137,11444,15581
2020,Orange,395014,245398,647403,0,0,605936,0,0,0,0,0,0,0,0,0,0,0,0,397446,236886,636654,383504,239205,627365,282397,217570,499967
2020,Osceola,97297,73480,172436,0,0,158847,0,0,0,0,0,0,0,0,0,0,0,0,103147,65756,168918,96694,62306,166551,41296,38321,86091
2020,Palm Beach,433572,334711,773158,0,0,722449,0,0,0,0,0,0,0,0,0,0,0,0,424756,321993,758074,278486,204118,482604,415532,326689,744708
2020,Pasco,119073,179621,301970,0,0,282465,0,0,0,0,0,0,0,0,0,0,0,0,108659,188887,297546,43097,62571,105668,112804,180948,293752
2020,Pinellas,277450,276209,559715,0,0,514653,0,0,0,0,0,0,0,0,0,0,0,0,271741,281209,552957,52734,0,69210,226412,279203,505615
2020,Polk,145049,194586,343256,0,0,319223,0,0,0,0,0,0,0,0,0,0,0,0,144214,191566,336456,10245,20832,31077,136900,193249,333935
2020,Putnam,10527,25514,36373,0,0,34759,0,0,0,0,0,0,0,0,0,0,0,0,10835,24916,35751,0,0,0,10619,24885,35504
2020,Santa Rosa,27612,77385,106928,0,0,100392,0,0,0,0,0,0,0,0,0,0,0,0,29483,75075,105938,26421,78502,104923,26326,77613,103939
2020,Sarasota,120110,148370,270575,0,0,252987,0,0,0,0,0,0,0,0,0,0,0,0,113117,151746,266171,108979,147614,262169,105079,148624,253703
2020,Seminole,132528,125241,260815,0,0,240556,0,0,0,0,0,0,0,0,0,0,0,0,132307,119470,255288,124056,124367,253277,120152,128077,253038
2020,St. Johns,63850,110946,176622,0,0,166915,0,0,0,0,0,0,0,0,0,0,0,0,62417,111451,173874,57983,112279,170270,55759,114222,169981
2020,St. Lucie,84137,86831,172169,0,0,160285,0,0,0,0,0,0,0,0,0,0,0,0,78231,88678,170909,77749,89566,167315,78896,88224,167120
2020,Sumter,29341,62761,92485,0,0,84981,0,0,0,0,0,0,0,0,0,0,0,0,26793,63841,90634,0,0,0,26578,62817,89395
2020,Suwannee,4485,16410,21057,0,0,19997,0,0,0,0,0,0,0,0,0,0,0,0,0,17971,18127,4166,16260,20426,3887,16426,20313
2020,Taylor,2299,7751,10127,0,0,9586,0,0,0,0,0,0,0,0,0,0,0,0,0,8541,8608,2358,7569,9927,2036,7811,9847
2020,Union,1053,5133,6245,0,0,5924,0,0,0,0,0,0,0,0,0,0,0,0,1151,4962,6113,1022,5025,6047,1187,4837,6024
2020,Volusia,130575,173821,307439,0,0,284373,0,0,0,0,0,0,0,0,0,0,0,0,121945,174894,296960,56902,75659,133497,120577,171847,294831
2020,Wakulla,5351,12874,18404,0,0,17355,0,0,0,0,0,0,0,0,0,0,0,0,0,14514,14846,5027,13084,18111,4610,13089,17699
2020,Walton,10338,32947,43711,0,0,40938,0,0,0,0,0,0,0,0,0,0,0,0,10554,32172,43150,0,0,0,0,0,0
2020,Washington,2347,9876,12327,0,0,11636,0,0,0,0,0,0,0,0,0,0,0,0,0,10619,10619,0,0,0,0,0,0
2008,Alachua,75565,48513,125519,0,0,0,0,0,0,0,0,0,0,0,0,0,0,0,48968,45820,94788,0,0,0,46610,26284,72894
2008,Baker,2327,8672,11059,0,0,0,0,0,0,0,0,0,0,0,0,0,0,0,2310,8145,10455,2826,7601,10427,0,8453,8456
2008,Bay,23653,56683,81127,0,0,0,0,0,0,0,0,0,0,0,0,0,0,0,36583,41769,78354,0,0,0,0,0,0
2008,Bradford,3430,8136,11676,0,0,0,0,0,0,0,0,0,0,0,0,0,0,0,3354,7796,11150,0,0,0,503,8823,9339
2008,Brevard,127620,157589,287859,0,0,0,0,0,0,0,0,0,0,0,0,0,0,0,116381,144303,275428,60034,92793,152827,90048,159103,249474
2008,Broward,492640,237729,733899,0,0,0,0,0,0,0,0,0,0,0,0,0,0,0,430762,124650,614511,254863,48001,304470,208288,85754,294152
2008,Calhoun,1821,4345,6244,0,0,0,0,0,0,0,0,0,0,0,0,0,0,0,4323,1788,6111,0,0,0,0,0,0
2008,Charlotte,39031,45205,85158,0,0,0,0,0,0,0,0,0,0,0,0,0,0,0,31469,48898,82177,27972,37111,65084,34180,44246,78426
2008,Citrus,31460,43706,76158,0,0,0,0,0,0,0,0,0,0,0,0,0,0,0,27399,44596,71995,27763,45928,73691,0,0,0
2008,Clay,26697,67203,94577,0,0,0,0,0,0,0,0,0,0,0,0,0,0,0,21236,59721,80957,17760,65217,86034,12799,39837,52636
2008,Collier,54450,86379,141988,0,0,0,0,0,0,0,0,0,0,0,0,0,0,0,36169,75396,133259,0,0,0,15067,35249,50467
2008,Columbia,9171,18670,28128,0,0,0,0,0,0,0,0,0,0,0,0,0,0,0,9352,17504,26856,3471,3726,7197,13133,14072,27205
2008,Desoto,4383,5632,10131,0,0,0,0,0,0,0,0,0,0,0,0,0,0,0,4209,5164,9815,3870,3937,7807,4369,5011,9380
2008,Dixie,1925,5194,7264,0,0,0,0,0,0,0,0,0,0,0,0,0,0,0,4652,2313,6967,2561,4376,6937,2966,4070,7036
2008,Duval,202618,210537,415761,0,0,0,0,0,0,0,0,0,0,0,0,0,0,0,102685,185235,287920,151802,82614,257648,99984,123398,225268
2008,Escambia,61572,91411,154447,0,0,0,0,0,0,0,0,0,0,0,0,0,0,0,53593,94304,147897,0,0,0,29981,92085,139468
2008,Flagler,24726,23951,49031,0,0,0,0,0,0,0,0,0,0,0,0,0,0,0,18963,26321,45284,1605,0,2354,21439,23067,44506
2008,Franklin,2134,3818,6029,0,0,0,0,0,0,0,0,0,0,0,0,0,0,0,4016,1806,5822,0,0,0,1809,1985,3794
2008,Gadsden,15582,6811,22510,0,0,0,0,0,0,0,0,0,0,0,0,0,0,0,17706,4243,21952,0,0,0,16192,0,19250
2008,Gilchrist,1996,5656,7819,0,0,0,0,0,0,0,0,0,0,0,0,0,0,0,2022,5539,7561,0,0,0,3819,3841,7660
2008,Glades,1381,1938,3358,0,0,0,0,0,0,0,0,0,0,0,0,0,0,0,1575,1692,3267,1691,1437,3158,1099,2072,3171
2008,Gulf,2149,4980,7205,0,0,0,0,0,0,0,0,0,0,0,0,0,0,0,4478,2591,7070,0,0,0,0,0,0
2008,Hamilton,2364,3179,5587,0,0,0,0,0,0,0,0,0,0,0,0,0,0,0,2471,2799,5270,2539,2676,5215,3649,1790,5439
2008,Hardee,2568,4763,7412,0,0,0,0,0,0,0,0,0,0,0,0,0,0,0,2178,4670,7166,2465,4524,6989,0,0,0
2008,Hendry,4998,5780,10879,0,0,0,0,0,0,0,0,0,0,0,0,0,0,0,5070,5368,10438,0,0,0,3763,6520,10283
2008,Hernando,41886,45021,87901,0,0,0,0,0,0,0,0,0,0,0,0,0,0,0,34412,49085,83497,14261,23348,37609,30569,39505,74378
2008,Highlands,18135,26221,44783,0,0,0,0,0,0,0,0,0,0,0,0,0,0,0,15847,27180,43027,16403,26000,42403,12008,25828,37836
2008,Hillsborough,272963,236355,513312,0,0,0,0,0,0,0,0,0,0,0,0,0,0,0,258876,229719,490489,0,0,0,106719,184275,291113
2008,Holmes,1446,7033,8589,0,0,0,0,0,0,0,0,0,0,0,0,0,0,0,2176,6028,8204,0,0,0,3891,4578,8469
2008,Indian River,29710,40176,70591,0,0,0,0,0,0,0,0,0,0,0,0,0,0,0,23851,40207,65833,0,0,0,22291,42728,65019
2008,Jackson,7671,13717,21565,0,0,0,0,0,0,0,0,0,0,0,0,0,0,0,13865,7019,20885,0,0,0,5261,3559,8820
2008,Jefferson,4088,3797,7957,0,0,0,0,0,0,0,0,0,0,0,0,0,0,0,4977,2579,7556,1395,1104,2499,4858,2811,7697
2008,Lafayette,642,2679,3359,0,0,0,0,0,0,0,0,0,0,0,0,0,0,0,2177,1143,3320,964,2220,3184,1747,1514,3261
2008,Lake,62948,82802,146926,0,0,0,0,0,0,0,0,0,0,0,0,0,0,0,49812,75836,125648,0,0,0,827,45561,46468
2008,Lee,119701,147608,269276,0,0,0,0,0,0,0,0,0,0,0,0,0,0,0,64712,153446,255382,48663,54196,104722,35245,110596,145897
2008,Leon,91747,55705,148608,0,0,0,0,0,0,0,0,0,0,0,0,0,0,0,97110,41870,139107,13937,9409,23346,80084,40509,130708
2008,Levy,6711,11754,18725,0,0,0,0,0,0,0,0,0,0,0,0,0,0,0,6599,11511,18110,2335,3990,6325,6541,8034,14575
2008,Liberty,895,2339,3278,0,0,0,0,0,0,0,0,0,0,0,0,0,0,0,2344,853,3197,0,0,0,0,0,0
2008,Madison,4270,4544,8907,0,0,0,0,0,0,0,0,0,0,0,0,0,0,0,4118,4165,8283,352,571,923,5787,2829,8616
2008,Manatee,70034,80721,151994,0,0,0,0,0,0,0,0,0,0,0,0,0,0,0,54613,83215,147410,648,1049,1697,33788,47394,81327
2008,Marion,70839,89628,162022,0,0,0,0,0,0,0,0,0,0,0,0,0,0,0,62314,88829,151143,30933,67670,108434,38563,57028,106335
2008,Martin,33508,44143,78294,0,0,0,0,0,0,0,0,0,0,0,0,0,0,0,24787,50268,75055,0,0,0,27280,43503,72171
2008,Miami-Dade,499831,360551,863486,0,0,0,0,0,0,0,0,0,0,0,0,0,0,0,294144,349400,651204,82393,34233,116626,122767,209661,332461
2008,Monroe,20907,18933,40272,0,0,0,0,0,0,0,0,0,0,0,0,0,0,0,17477,21411,38888,0,0,0,0,0,0
2008,Nassau,10618,27403,38304,0,0,0,0,0,0,0,0,0,0,0,0,0,0,0,9672,27312,36984,5359,18269,23628,0,30204,30238
2008,Okaloosa,25872,68789,95529,0,0,0,0,0,0,0,0,0,0,0,0,0,0,0,22014,68246,90260,0,0,0,7978,22533,30569
2008,Okeechobee,5108,7561,12786,0,0,0,0,0,0,0,0,0,0,0,0,0,0,0,5168,7017,12185,3972,5395,9367,4116,4865,8981
2008,Orange,273009,186832,462711,0,0,0,0,0,0,0,0,0,0,0,0,0,0,0,203705,162578,367708,172904,197720,370624,139936,153481,314620
2008,Osceola,59962,40086,100670,0,0,0,0,0,0,0,0,0,0,0,0,0,0,0,49998,37745,89877,15809,18122,33931,34617,32998,67618
2008,Palm Beach,361271,226037,590500,0,0,0,0,0,0,0,0,0,0,0,0,0,0,0,319999,188314,520755,159697,112258,277010,187413,137701,335504
2008,Pasco,102417,110104,214866,0,0,0,0,0,0,0,0,0,0,0,0,0,0,0,82319,122947,207029,31112,62924,94036,26357,38594,66986
2008,Pinellas,248299,210066,463282,0,0,0,0,0,0,0,0,0,0,0,0,0,0,0,182632,252436,436861,28924,51475,80399,162886,123817,287162
2008,Polk,113865,128878,244833,0,0,0,0,0,0,0,0,0,0,0,0,0,0,0,94969,140708,236158,42686,61449,104135,34135,85659,120306
2008,Putnam,13236,19637,33171,0,0,0,0,0,0,0,0,0,0,0,0,0,0,0,4752,9482,14234,4249,12844,22420,18006,14139,32145
2008,Santa Rosa,19470,55972,76185,0,0,0,0,0,0,0,0,0,0,0,0,0,0,0,15976,54437,70413,0,0,0,770,46816,47617
2008,Sarasota,102686,102897,207353,0,0,0,0,0,0,0,0,0,0,0,0,0,0,0,78479,106173,198928,69084,98613,167697,87109,104803,193021
2008,Seminole,99335,105070,205895,0,0,0,0,0,0,0,0,0,0,0,0,0,0,0,84753,97895,184262,14374,27926,42300,20589,35044,57396
2008,St. Johns,35791,69222,105844,0,0,0,0,0,0,0,0,0,0,0,0,0,0,0,30420,68679,99099,13870,18531,37586,28287,68972,97919
2008,St. Lucie,67125,52512,120579,0,0,0,0,0,0,0,0,0,0,0,0,0,0,0,55461,57725,113212,1247,1644,2891,52057,46665,102033
2008,Sumter,17655,30866,48868,0,0,0,0,0,0,0,0,0,0,0,0,0,0,0,14302,31950,46252,0,0,0,1419,34909,36772
2008,Suwannee,4916,12534,17662,0,0,0,0,0,0,0,0,0,0,0,0,0,0,0,9842,7287,17132,6039,10771,16810,8757,8179,16936
2008,Taylor,2803,6457,9366,0,0,0,0,0,0,0,0,0,0,0,0,0,0,0,6164,2980,9145,3577,5390,8967,4430,4798,9228
2008,Union,1300,3940,5293,0,0,0,0,0,0,0,0,0,0,0,0,0,0,0,1333,3681,5014,0,0,0,0,4157,4157
2008,Volusia,127795,113938,243824,0,0,0,0,0,0,0,0,0,0,0,0,0,0,0,116608,108995,227422,11030,88161,134193,95758,95622,210871
2008,Wakulla,5311,8877,14376,0,0,0,0,0,0,0,0,0,0,0,0,0,0,0,9219,4728,13966,0,0,0,1285,1265,2550
2008,Walton,7174,19561,27046,0,0,0,0,0,0,0,0,0,0,0,0,0,0,0,7545,17566,25111,0,0,0,4848,10281,15129
2008,Washington,2863,8178,11131,0,0,0,0,0,0,0,0,0,0,0,0,0,0,0,3366,7091,10457,0,0,0,5434,5410,10844
2014,Escambia,0,0,0,33434,60719,97951,0,0,0,33026,60962,96811,31708,64158,95866,32988,62035,95023,30342,62682,97561,0,0,0,32182,63764,95946
2014,Holmes,0,0,0,1052,4301,5713,0,0,0,1094,4363,5664,987,4591,5578,1070,4546,5616,1047,4501,5704,0,0,0,0,4717,5636
2014,Okaloosa,0,0,0,12129,46162,61163,0,0,0,11650,46196,60200,11498,47937,59435,12156,46858,59015,10965,44845,60808,0,0,0,0,7193,7193
2014,Santa Rosa,0,0,0,10815,39933,53316,0,0,0,10379,40074,52606,9930,42351,52281,10537,40962,51499,9165,40029,53093,0,0,0,1424,45103,46570
2014,Walton,0,0,0,4347,15168,20414,0,0,0,4045,15295,20230,4048,16063,20111,4314,15616,19930,3926,14664,20281,0,0,0,0,15578,19597
2014,Bay,0,0,0,12990,40956,57050,0,0,0,13138,40207,56467,12801,43101,55902,14094,41425,55541,17072,39512,56742,0,0,0,14960,38957,56109
2014,Calhoun,0,0,0,1202,2676,4187,0,0,0,1178,2815,4135,1121,2977,4098,1116,2929,4045,1399,2771,4175,0,0,0,0,0,0
2014,Franklin,0,0,0,1633,2505,4306,0,0,0,1451,2638,4185,1420,2701,4121,1479,2620,4099,1809,2515,4324,0,0,0,0,0,0
2014,Gadsden,0,0,0,12425,4798,17594,0,0,0,11529,5684,17488,11229,5958,17187,11443,5837,17280,12747,4814,17573,0,0,0,14890,0,14926
2014,Gulf,0,0,0,1432,3476,5169,0,0,0,1397,3506,5101,1367,3701,5068,1458,3535,4993,1684,3456,5145,0,0,0,0,0,0
2014,Jackson,0,0,0,5711,8745,15106,0,0,0,5739,8861,15020,4985,9900,14885,5318,9545,14865,6238,8844,15089,0,0,0,0,9790,14202
2014,Jefferson,0,0,0,3291,2840,6305,0,0,0,2988,3117,6240,2954,3209,6163,2893,3225,6118,3502,2783,6285,0,0,0,0,0,0
2014,Leon,0,0,0,66739,38289,108134,0,0,0,60228,43412,106537,53808,50270,104078,53570,49868,103457,69738,37793,107745,0,0,0,26260,0,26413
2014,Liberty,0,0,0,901,1562,2672,0,0,0,860,1642,2588,812,1746,2558,746,1779,2525,919,1733,2653,0,0,0,0,0,0
2014,Madison,0,0,0,3024,3131,6359,0,0,0,2713,3462,6273,2817,3393,6210,2732,3480,6212,2849,3354,6295,0,0,0,0,0,0
2014,Taylor,0,0,0,2115,4266,6676,0,0,0,1857,4572,6602,2081,4396,6477,1974,4445,6421,2351,4333,6686,0,0,0,0,0,0
2014,Wakulla,0,0,0,4560,6444,11560,0,0,0,3875,7056,11405,3701,7333,11034,3584,7562,11147,4987,6520,11515,0,0,0,0,0,0
2014,Washington,0,0,0,2029,5788,8256,0,0,0,2097,5729,8199,1896,6234,8130,2010,6070,8081,2404,5780,8193,0,0,0,0,6094,8000
2014,Alachua,0,0,0,44052,31097,78153,0,0,0,40559,34107,76732,39408,35784,75192,38598,36354,74953,41535,34478,77558,0,0,0,20948,25373,46338
2014,Bradford,0,0,0,2594,5525,8543,0,0,0,2199,6043,8450,2077,6080,8157,2308,5983,8291,2040,6163,8500,0,0,0,0,0,0
2014,Clay,0,0,0,15948,49330,68139,0,0,0,13803,51129,67140,13585,52753,66338,14705,51004,65712,14211,51697,67448,0,0,0,0,41675,51200
2014,Columbia,0,0,0,5812,11604,18374,0,0,0,4963,12749,18218,5086,12809,17895,5109,12841,17950,4823,13017,18277,0,0,0,0,14773,15013
2014,Dixie,0,0,0,1657,3345,5360,0,0,0,1480,3578,5219,1623,3521,5144,1433,3693,5126,1163,3996,5333,0,0,0,1291,3976,5267
2014,Gilchrist,0,0,0,1485,4129,5963,0,0,0,1354,4343,5890,1506,4262,5768,1262,4575,5837,1054,4797,5980,0,0,0,1171,4715,5886
2014,Hamilton,0,0,0,1622,1958,3718,0,0,0,1418,2175,3667,1467,2151,3618,1411,2217,3628,1365,2233,3690,0,0,0,0,2576,2606
2014,Lafayette,0,0,0,752,1710,2599,0,0,0,568,1963,2581,589,1929,2518,529,2042,2571,410,2123,2619,0,0,0,0,0,0
2014,Levy,0,0,0,4172,8408,13295,0,0,0,3863,8730,13034,4032,8919,12951,3823,9148,12971,3631,9181,13298,0,0,0,0,0,0
2014,Marion,0,0,0,46351,66220,119854,0,0,0,38430,77252,118904,40390,75648,116038,39319,77184,116507,43252,72352,116503,0,0,0,0,0,0
2014,Suwannee,0,0,0,3597,8445,12777,0,0,0,3092,9252,12703,3359,9138,12497,3088,9464,12555,2988,9417,12727,0,0,0,0,10505,10840
2014,Union,0,0,0,1905,2780,5010,0,0,0,1219,3562,4908,1160,3703,4863,1155,3704,4859,950,3967,5027,0,0,0,0,0,0
2014,Baker,0,0,0,2100,5956,8444,0,0,0,1668,6529,8358,1675,6504,8179,1741,6374,8115,0,7083,8100,0,0,0,0,7051,7072
2014,Duval,0,0,0,112026,146407,270033,0,0,0,104070,154576,266744,104208,159332,263540,109942,149226,259173,47588,166899,257960,0,0,0,21117,132946,154137
2014,Nassau,0,0,0,7229,22105,30693,0,0,0,6380,23008,30344,6287,23244,29531,6950,22623,29574,0,24732,29608,0,0,0,7003,23158,30161
2014,Lake,0,0,0,42811,63009,112515,0,0,0,36355,71187,111136,35809,73125,108934,34774,73866,108645,37923,72529,110463,0,0,0,0,0,0
2014,Orange,0,0,0,164570,128014,307664,0,0,0,152162,140064,301383,138219,150113,288332,141829,153803,295641,151136,145662,301826,103129,39456,155464,77084,85828,178420
2014,Putnam,0,0,0,7335,13903,22710,0,0,0,6998,14829,22501,7023,15046,22069,6930,15331,22262,7634,14644,22278,8225,13081,22314,0,0,0
2014,Seminole,0,0,0,62786,73355,144780,0,0,0,56813,79765,141941,50426,87566,137992,50594,87519,138122,45898,90264,141879,0,90947,131064,37664,81081,134662
2014,Flagler,0,0,0,15994,19996,37858,0,0,0,13406,22798,37319,14259,21900,36159,13909,22237,36146,14927,21639,36566,15084,19253,36644,0,0,0
2014,St. Johns,0,0,0,24921,58150,86499,0,0,0,21601,61205,85379,20755,62350,83105,22354,60048,82407,23464,61337,84801,25191,55082,84503,0,50014,67914
2014,Volusia,0,0,0,79315,85749,175873,0,0,0,67651,99769,173181,69039,98143,167182,66555,101468,168028,70370,98572,170502,18286,28779,53750,70330,87690,158020
2014,Brevard,0,0,0,91018,116620,221772,0,0,0,76525,134590,218901,75365,134977,210342,78622,135180,213812,76432,142174,218663,0,0,0,42085,73726,119552
2014,Indian River,0,0,0,19248,30719,52502,0,0,0,16116,34280,51845,15953,34574,50527,16594,33863,50457,15779,35768,51551,9588,22534,32127,15857,35676,51533
2014,Osceola,0,0,0,35457,29431,68469,0,0,0,32352,33219,67455,31888,33468,65356,30859,35016,65878,35791,29911,67630,29590,0,38782,34725,31489,66214
2014,Polk,0,0,0,79481,98224,191957,0,0,0,67566,116706,190498,69936,118137,188073,58400,131240,189645,75515,111806,187841,5394,0,6948,62189,95440,159891
2014,Citrus,0,0,0,22424,31305,58320,0,0,0,17843,38046,57880,17179,39597,56776,16167,40859,57029,18888,38264,57152,0,0,0,0,0,0
2014,Hernando,0,0,0,28622,30635,63976,0,0,0,22827,38577,63664,21827,40491,62318,21113,41043,62156,20707,42573,63280,0,0,0,23687,28769,56195
2014,Sumter,0,0,0,15867,37633,55160,0,0,0,12886,41192,54837,13969,38605,52574,13612,39454,53066,14750,38742,53492,0,0,0,0,0,0
2014,Pinellas,0,0,0,183930,144271,351854,0,0,0,155695,178474,347555,132307,197426,329733,134795,201686,336499,0,168172,223576,59299,198731,305682,156655,175557,335972
2014,Hillsborough,0,0,0,180168,170127,371968,0,0,0,159980,196914,368343,145490,212280,357770,140478,218847,359338,65223,95140,160363,15505,128454,144444,73990,86783,161804
2014,Manatee,0,0,0,49515,61871,119558,0,0,0,41546,72905,118203,39907,76037,115944,39399,76231,115636,44048,74087,118219,0,0,0,5646,0,7834
2014,Sarasota,0,0,0,73706,78678,161457,0,0,0,61371,92456,158523,59080,94606,153686,58224,93605,151839,61869,96312,158317,0,0,0,29392,86628,116876
2014,Charlotte,0,0,0,26963,35236,67118,0,0,0,22338,41509,66300,22668,39759,62427,22944,40852,63800,24300,41023,65323,0,0,0,0,42745,62709
2014,Desoto,0,0,0,3294,3681,7512,0,0,0,2534,4658,7397,2678,4389,7067,2417,4891,7308,3117,4246,7363,0,0,0,0,0,0
2014,Glades,0,0,0,1042,1815,3020,0,0,0,898,2002,2986,1041,1906,2947,925,2045,2970,1075,1890,2965,0,0,0,0,0,0
2014,Hardee,0,0,0,1751,3207,5391,0,0,0,1426,3753,5348,1410,3876,5286,1096,4267,5363,1854,3405,5259,0,0,0,0,0,0
2014,Highlands,0,0,0,11070,18888,31978,0,0,0,8885,22104,31781,9023,22239,31262,8085,23341,31427,10171,21263,31434,0,0,0,0,0,0
2014,Lee,0,0,0,79454,121962,210301,0,0,0,65931,133812,205636,63599,130929,194528,67526,129243,196781,71741,128906,205866,0,0,0,19908,117159,137244
2014,Okeechobee,0,0,0,3311,5016,8894,0,0,0,2693,5814,8768,2712,5942,8654,2564,6172,8736,2921,5878,8799,0,0,0,0,0,0
2014,Martin,0,0,0,24616,33836,61222,0,0,0,18962,39896,60449,17820,41518,59338,18880,39424,58306,34144,27466,61610,13878,40763,54663,12744,21446,34190
2014,Palm Beach,0,0,0,246730,160413,419468,0,0,0,213407,191220,412350,195338,209392,404730,209050,191931,400993,272040,102479,374943,71883,68052,139936,97393,62828,160241
2014,St. Lucie,0,0,0,46422,38006,88997,0,0,0,39284,45969,87896,39082,46591,85673,39813,45663,85476,57689,31530,89219,26233,36189,62435,30461,25482,55943
2014,Collier,0,0,0,35281,75337,113620,0,0,0,30071,78811,111297,29850,78877,108727,30184,76183,106369,17397,44842,63703,0,0,0,3584,5440,9024
2014,Broward,0,0,0,318950,138394,468893,0,0,0,291748,156712,456867,278922,170698,449620,282383,162865,445254,299983,110814,411935,59240,30135,89410,127075,49641,177334
2014,Hendry,0,0,0,2626,3749,6696,0,0,0,2376,4071,6603,2497,3979,6476,2350,4182,6532,1582,1229,2811,0,0,0,0,0,0
2014,Miami-Dade,0,0,0,304721,205017,521452,0,0,0,272379,216850,498941,260893,223405,484298,263507,222611,486120,189610,94347,288464,61351,0,61363,168599,190568,372800
2014,Monroe,0,0,0,14305,13096,28505,0,0,0,12366,14463,27697,11828,14997,26825,11964,14684,26648,14494,13473,27967,0,0,0,0,0,0
2014,Pasco,0,0,0,72363,75222,160716,0,0,0,58016,95317,159732,54320,101163,155483,52427,103973,156405,0,0,0,0,0,0,46074,52065,98139
2024,Alachua,81578,52939,136548,0,0,0,78314,54458,135208,0,0,0,0,0,0,0,0,0,78904,54872,133776,30314,20483,50797,46668,42544,89212
2024,Baker,1982,12926,14977,0,0,0,2161,12415,14797,0,0,0,0,0,0,0,0,0,2014,12680,14694,0,0,0,1964,12729,14693
2024,Bay,25201,71497,97777,0,0,0,22988,72045,97065,0,0,0,0,0,0,0,0,0,22686,73885,96571,0,0,0,23056,72797,95853
2024,Bradford,2946,10920,13932,0,0,0,3005,10363,13617,0,0,0,0,0,0,0,0,0,2805,10682,13487,0,0,0,2785,10355,13140
2024,Brevard,141233,216533,361449,0,0,0,140412,209204,357638,0,0,0,0,0,0,0,0,0,136014,217174,353188,126487,184731,311218,132329,216581,348910
2024,Broward,507328,358952,874539,0,0,0,512458,338969,862675,0,0,0,0,0,0,0,0,0,356215,283390,639649,251591,187413,439004,189767,139631,342147
2024,Calhoun,1021,5367,6428,0,0,0,976,5280,6369,0,0,0,0,0,0,0,0,0,921,5430,6351,0,0,0,1051,5201,6252
2024,Charlotte,40450,82480,123676,0,0,0,38154,82377,122211,0,0,0,0,0,0,0,0,0,37399,83705,121107,37146,81666,118812,37397,81495,118892
2024,Citrus,26276,71356,98237,0,0,0,27975,66837,96877,0,0,0,0,0,0,0,0,0,22867,72535,95402,26410,67165,93575,24500,69886,94386
2024,Clay,37926,87711,126811,0,0,0,37009,86368,125776,0,0,0,0,0,0,0,0,0,35325,89235,124593,0,0,0,35541,87747,123288
2024,Collier,71720,143267,216370,0,0,0,63988,150015,215583,0,0,0,0,0,0,0,0,0,64613,147741,212354,0,0,0,64594,144007,208621
2024,Columbia,8250,25108,33592,0,0,0,8283,24400,33219,0,0,0,0,0,0,0,0,0,8026,24929,32955,0,0,0,7824,24868,32692
2024,Desoto,3525,8888,12488,0,0,0,3378,8708,12311,0,0,0,0,0,0,0,0,0,3455,8574,12029,3174,8896,12070,3292,8734,12026
2024,Dixie,1183,6920,8148,0,0,0,1169,6673,8002,0,0,0,0,0,0,0,0,0,1108,6917,8025,1137,6794,7931,1233,6650,7883
2024,Duval,229365,236285,471282,0,0,0,223191,232168,463683,0,0,0,0,0,0,0,0,0,219003,238204,457253,156112,0,156815,238935,181677,420944
2024,Escambia,64601,96407,162755,0,0,0,60111,98502,161721,0,0,0,0,0,0,0,0,0,68741,91609,160350,67524,91876,159400,58524,97128,159875
2024,Flagler,28431,51014,79968,0,0,0,28051,49683,78913,0,0,0,0,0,0,0,0,0,26244,51079,77325,25062,50469,75531,27460,48306,75766
2024,Franklin,1870,4831,6758,0,0,0,1795,4814,6724,0,0,0,0,0,0,0,0,0,1730,4938,6668,1719,4931,6650,1792,4818,6610
2024,Gadsden,14203,7495,21868,0,0,0,13192,8221,21746,0,0,0,0,0,0,0,0,0,13384,8117,21501,12833,8591,21424,14215,7205,21420
2024,Gilchrist,1662,8931,10686,0,0,0,1617,8740,10564,0,0,0,0,0,0,0,0,0,1552,9010,10562,0,0,0,1429,9106,10535
2024,Glades,1222,4034,5279,0,0,0,1161,3987,5242,0,0,0,0,0,0,0,0,0,1167,3965,5132,1197,3903,5100,1148,3976,5124
2024,Gulf,1970,6684,8697,0,0,0,1757,6745,8648,0,0,0,0,0,0,0,0,0,1745,6878,8623,1836,6679,8515,1833,6690,8523
2024,Hamilton,1727,3964,5733,0,0,0,1602,3945,5660,0,0,0,0,0,0,0,0,0,1677,3909,5586,1562,4017,5579,1759,3740,5499
2024,Hardee,1751,6336,8143,0,0,0,1879,6016,8058,0,0,0,0,0,0,0,0,0,1733,6189,7922,1618,6353,7971,1678,6227,7905
2024,Hendry,4096,9253,13460,0,0,0,3837,9215,13256,0,0,0,0,0,0,0,0,0,4112,8949,13061,0,0,0,4020,8964,12984
2024,Hernando,34431,75446,110691,0,0,0,36545,70178,109030,0,0,0,0,0,0,0,0,0,31287,76477,107764,35178,71412,106590,32719,73374,106093
2024,Highlands,15227,36382,51905,0,0,0,15688,34858,51259,0,0,0,0,0,0,0,0,0,14596,35793,50389,14134,35603,49737,13840,36633,50473
2024,Hillsborough,321455,342017,671993,0,0,0,316262,336341,665323,0,0,0,0,0,0,0,0,0,324495,329493,657534,46835,65822,117165,305743,339495,647665
2024,Holmes,882,8193,9116,0,0,0,866,8063,9061,0,0,0,0,0,0,0,0,0,852,8185,9037,0,0,0,882,8123,9005
2024,Indian River,35654,62737,99017,0,0,0,35299,61075,97781,0,0,0,0,0,0,0,0,0,33751,62110,95861,30758,64563,95321,30983,63200,94183
2024,Jackson,5892,16074,22098,0,0,0,5515,16033,21963,0,0,0,0,0,0,0,0,0,5292,16566,21858,0,0,0,5702,15933,21635
2024,Jefferson,3429,5011,8502,0,0,0,3230,5118,8455,0,0,0,0,0,0,0,0,0,3218,5176,8394,3137,5250,8387,4242,4073,8315
2024,Lafayette,441,3296,3756,0,0,0,454,3183,3724,0,0,0,0,0,0,0,0,0,431,3267,3698,365,3336,3701,410,3268,3678
2024,Lake,84546,140500,226788,0,0,0,83276,136284,223857,0,0,0,0,0,0,0,0,0,78430,141933,220364,79968,137742,217710,79173,137374,216891
2024,Lee,139240,250661,392532,0,0,0,125524,255340,385311,0,0,0,0,0,0,0,0,0,130206,247978,378185,105496,206943,312439,124839,246087,372702
2024,Leon,94520,60397,156802,0,0,0,88881,63554,155081,0,0,0,0,0,0,0,0,0,88719,63678,152397,86224,66114,152338,95923,54909,150832
2024,Levy,5994,18245,24378,0,0,0,5763,17894,24111,0,0,0,0,0,0,0,0,0,5715,18297,24012,5617,18140,23757,5383,18450,23833
2024,Liberty,566,2898,3490,0,0,0,539,2859,3452,0,0,0,0,0,0,0,0,0,527,2900,3427,562,2845,3407,591,2772,3363
2024,Madison,3231,5874,9156,0,0,0,2966,5984,9079,0,0,0,0,0,0,0,0,0,2967,5966,8933,2893,6032,8925,3858,4975,8833
2024,Manatee,86674,140486,228860,0,0,0,85462,137928,226668,0,0,0,0,0,0,0,0,0,81109,143485,224594,0,0,0,81040,139619,220659
2024,Marion,72436,140173,214106,0,0,0,72779,135179,211416,0,0,0,0,0,0,0,0,0,69369,138969,208342,67344,139314,206658,59318,122289,182506
2024,Martin,33539,64121,98291,0,0,0,34015,61948,97207,0,0,0,0,0,0,0,0,0,28855,68667,97522,28944,66178,95122,28725,66411,95136
2024,Miami-Dade,480355,605590,1094105,0,0,0,477598,585445,1076114,0,0,0,0,0,0,0,0,0,456414,605285,1061718,77539,148552,226091,317142,523909,842322
2024,Monroe,17933,26064,44328,0,0,0,18227,25069,43771,0,0,0,0,0,0,0,0,0,16427,26629,43056,0,0,0,15156,27600,42756
2024,Nassau,17143,47945,65625,0,0,0,16804,47668,65317,0,0,0,0,0,0,0,0,0,15282,49511,64802,0,0,0,16186,47848,64034
2024,Okaloosa,32074,80309,113636,0,0,0,28850,81192,112603,0,0,0,0,0,0,0,0,0,34957,76839,111796,6038,15306,21344,27246,81492,108738
2024,Okeechobee,3671,12315,16058,0,0,0,4002,11544,15790,0,0,0,0,0,0,0,0,0,3597,11955,15552,3547,11925,15472,3395,12146,15541
2024,Orange,340807,258279,607199,0,0,0,330386,256770,600565,0,0,0,0,0,0,0,0,0,337002,248762,588790,69123,65825,134948,267040,208017,475057
2024,Osceola,84205,86713,172780,0,0,0,81586,85085,170324,0,0,0,0,0,0,0,0,0,90405,74399,168732,83216,84103,167319,83417,81707,167092
2024,Palm Beach,372512,366836,745709,0,0,0,368640,356386,734239,0,0,0,0,0,0,0,0,0,317757,326461,644230,64600,95749,160349,258299,293313,551612
2024,Pasco,117450,197779,318471,0,0,0,119344,186620,313646,0,0,0,0,0,0,0,0,0,104699,205448,310147,108105,192017,305636,110815,193979,304854
2024,Pinellas,242452,269472,517074,0,0,0,241729,260571,511505,0,0,0,0,0,0,0,0,0,247150,259670,508420,69182,103113,172295,230948,266574,500197
2024,Polk,136879,209044,348931,0,0,0,135475,201722,343311,0,0,0,0,0,0,0,0,0,132395,205431,338284,28858,61362,90220,130824,203966,334790
2024,Putnam,9354,26700,36272,0,0,0,9511,25621,35828,0,0,0,0,0,0,0,0,0,9176,26002,35178,9088,25997,35085,8984,26132,35116
2024,Santa Rosa,27035,84314,112425,0,0,0,24555,84815,111532,0,0,0,0,0,0,0,0,0,30140,80671,110811,29343,80249,109592,24532,82167,109079
2024,Sarasota,112668,163219,277866,0,0,0,111763,160328,275417,0,0,0,0,0,0,0,0,0,105702,166623,272329,0,0,0,104622,164648,269270
2024,Seminole,120717,129735,253727,0,0,0,118325,127316,250527,0,0,0,0,0,0,0,0,0,118162,128206,246368,0,0,0,114081,131089,245170
2024,St. Johns,66862,128759,197457,0,0,0,64516,128463,195631,0,0,0,0,0,0,0,0,0,61468,131160,192637,60504,129991,190495,62096,127831,189927
2024,St. Lucie,83517,100293,185131,0,0,0,84650,95644,182716,0,0,0,0,0,0,0,0,0,77528,104840,182375,79194,99600,178794,79069,100013,179082
2024,Sumter,32551,72134,105218,0,0,0,31273,72344,104583,0,0,0,0,0,0,0,0,0,29237,74119,103356,30181,69801,99982,28311,72448,100759
2024,Suwannee,4217,17561,21891,0,0,0,4073,17123,21657,0,0,0,0,0,0,0,0,0,4134,17367,21501,3891,17504,21395,4273,16932,21205
2024,Taylor,1991,7954,9997,0,0,0,1816,7914,9893,0,0,0,0,0,0,0,0,0,1760,8078,9838,1879,7899,9778,1898,7859,9757
2024,Union,971,5224,6231,0,0,0,1053,4967,6151,0,0,0,0,0,0,0,0,0,937,5222,6159,0,0,0,963,5145,6108
2024,Volusia,120132,187691,310498,0,0,0,120503,179997,306603,0,0,0,0,0,0,0,0,0,114496,186209,300707,15710,30920,46630,113459,179207,298076
2024,Wakulla,5441,14246,19856,0,0,0,5265,14013,19650,0,0,0,0,0,0,0,0,0,4998,14560,19558,4987,14523,19510,5131,14272,19403
2024,Walton,10287,38970,49601,0,0,0,9618,38828,49199,0,0,0,0,0,0,0,0,0,10694,37925,48619,0,0,0,9261,38201,47462
2024,Washington,2140,10370,12584,0,0,0,1988,10294,12515,0,0,0,0,0,0,0,0,0,1957,10527,12484,0,0,0,2077,10363,12440
2012,Alachua,69699,48797,120418,0,0,0,72439,41834,116728,0,0,0,0,0,0,0,0,0,60002,51443,115166,63610,48508,112118,69024,33437,102934
2012,Baker,2311,8975,11368,0,0,0,3884,6940,11139,0,0,0,0,0,0,0,0,0,0,9124,10667,0,0,0,0,0,0
2012,Bay,22051,56876,79861,0,0,0,28480,47530,78495,0,0,0,0,0,0,0,0,0,21442,57144,78731,0,55951,74931,0,3019,3762
2012,Bradford,3325,8219,11635,0,0,0,4529,6605,11460,0,0,0,0,0,0,0,0,0,2792,8419,11422,3317,7551,10868,0,0,0
2012,Brevard,122993,159300,285559,0,0,0,142072,127177,278873,0,0,0,0,0,0,0,0,0,105475,162607,275952,99859,167154,267013,47512,58428,105940
2012,Broward,508312,244101,756422,0,0,0,510987,212803,733961,0,0,0,0,0,0,0,0,0,441523,158672,656715,439015,200895,639912,283937,154350,438295
2012,Calhoun,1664,4366,6152,0,0,0,2737,3035,6032,0,0,0,0,0,0,0,0,0,1972,4118,6091,4274,1694,5968,2518,3418,5936
2012,Charlotte,35906,47996,84682,0,0,0,37617,42168,82993,0,0,0,0,0,0,0,0,0,32787,48599,81389,15755,21626,37381,0,0,0
2012,Citrus,28460,44662,73935,0,0,0,34574,35112,72631,0,0,0,0,0,0,0,0,0,23209,47784,70993,0,0,0,0,40593,71038
2012,Clay,25759,70022,96589,0,0,0,30999,59584,93725,0,0,0,0,0,0,0,0,0,21481,69425,93269,23358,67202,90560,0,0,0
2012,Collier,51698,96520,149112,0,0,0,54784,85194,143514,0,0,0,0,0,0,0,0,0,23444,98134,135864,3444,3011,6455,0,98655,128318
2012,Columbia,8462,18429,27163,0,0,0,10725,15055,26599,0,0,0,0,0,0,0,0,0,7042,18656,26341,0,0,0,0,0,0
2012,Desoto,4174,5587,9865,0,0,0,4637,4661,9646,0,0,0,0,0,0,0,0,0,4392,4959,9351,4470,4825,9295,0,0,0
2012,Dixie,1798,5052,6941,0,0,0,2724,3755,6737,0,0,0,0,0,0,0,0,0,1407,5088,6709,0,0,0,1880,4815,6695
2012,Duval,196737,211615,411848,0,0,0,211493,177958,401233,0,0,0,0,0,0,0,0,0,83971,224742,378320,204358,187854,392212,64317,72554,171315
2012,Escambia,58185,88711,148502,0,0,0,64793,76893,144852,0,0,0,0,0,0,0,0,0,50131,90172,143750,0,109238,109373,0,0,0
2012,Flagler,23207,26969,50595,0,0,0,25430,22029,48918,0,0,0,0,0,0,0,0,0,22562,24368,46930,22662,25034,47696,25821,20904,48050
2012,Franklin,1845,3570,5474,0,0,0,2622,2621,5376,0,0,0,0,0,0,0,0,0,2233,3181,5416,2981,2043,5024,2142,3100,5242
2012,Gadsden,15770,6630,22499,0,0,0,16442,5429,22185,0,0,0,0,0,0,0,0,0,15677,6524,22204,18088,3614,21702,0,0,0
2012,Gilchrist,1885,5917,7909,0,0,0,2783,4692,7713,0,0,0,0,0,0,0,0,0,1267,6488,7892,0,0,0,1675,6146,7821
2012,Glades,1603,2344,3989,0,0,0,1823,1903,3866,0,0,0,0,0,0,0,0,0,1658,2214,3872,1843,1934,3777,2476,1392,3868
2012,Gulf,2014,4995,7108,0,0,0,3123,3675,7027,0,0,0,0,0,0,0,0,0,2048,4965,7015,3493,3346,6839,2242,4685,6927
2012,Hamilton,2228,3138,5407,0,0,0,2561,2554,5260,0,0,0,0,0,0,0,0,0,1937,3057,5157,2738,2348,5086,0,0,0
2012,Hardee,2463,4696,7226,0,0,0,3101,3611,7037,0,0,0,0,0,0,0,0,0,2713,4068,6781,2787,4008,6795,0,0,0
2012,Hendry,4751,5355,10185,0,0,0,5002,4632,9967,0,0,0,0,0,0,0,0,0,3075,3545,9063,4409,5071,9480,0,4724,9215
2012,Hernando,37830,44938,83667,0,0,0,43691,34902,81764,0,0,0,0,0,0,0,0,0,25887,54597,80484,0,0,0,32029,44879,79423
2012,Highlands,16148,25915,42444,0,0,0,19110,20354,40972,0,0,0,0,0,0,0,0,0,15382,25265,40647,14047,26369,40416,17000,23620,40620
2012,Hillsborough,286467,250186,542102,0,0,0,308910,203595,525862,0,0,0,0,0,0,0,0,0,200429,140084,342560,99376,156914,256354,156718,156323,313041
2012,Holmes,1264,6919,8274,0,0,0,2236,5589,8140,0,0,0,0,0,0,0,0,0,1560,6401,8070,0,5820,7844,0,6026,7929
2012,Indian River,27492,43450,71464,0,0,0,29563,36551,68259,0,0,0,0,0,0,0,0,0,22863,39692,67140,23809,42130,65939,0,0,0
2012,Jackson,7342,13418,20941,0,0,0,9574,10624,20682,0,0,0,0,0,0,0,0,0,7926,12786,20714,0,11853,18471,0,13297,19691
2012,Jefferson,3945,3808,7808,0,0,0,4549,2941,7641,0,0,0,0,0,0,0,0,0,3953,3775,7728,5387,2169,7556,3483,4149,7632
2012,Lafayette,687,2668,3399,0,0,0,1119,2130,3345,0,0,0,0,0,0,0,0,0,526,2732,3326,0,0,0,938,2347,3285
2012,Lake,61799,87643,150811,0,0,0,69791,71463,146275,0,0,0,0,0,0,0,0,0,65099,80731,146399,885,93522,134731,0,0,0
2012,Lee,110157,154163,266166,0,0,0,117773,133746,259792,0,0,0,0,0,0,0,0,0,97849,150630,253619,68810,112357,181167,23455,76671,118424
2012,Leon,90881,55805,148353,0,0,0,94323,46379,143543,0,0,0,0,0,0,0,0,0,88427,54869,143352,108147,32970,141117,56734,36401,93135
2012,Levy,6119,12054,18399,0,0,0,7833,9557,17999,0,0,0,0,0,0,0,0,0,4883,12552,17957,0,0,0,0,0,0
2012,Liberty,942,2301,3284,0,0,0,1587,1539,3237,0,0,0,0,0,0,0,0,0,1189,2083,3272,2394,754,3148,2056,1204,3260
2012,Madison,4176,4474,8715,0,0,0,4763,3545,8520,0,0,0,0,0,0,0,0,0,3849,4315,8401,5179,3082,8261,4010,4342,8352
2012,Manatee,66503,85627,153491,0,0,0,73985,70721,149652,0,0,0,0,0,0,0,0,0,67117,82652,149769,53130,83628,136758,26353,86474,131188
2012,Marion,66831,93043,161385,0,0,0,76930,75967,158123,0,0,0,0,0,0,0,0,0,61330,89445,151903,19661,66773,99968,10399,0,10430
2012,Martin,30107,48183,78873,0,0,0,33767,40901,76220,0,0,0,0,0,0,0,0,0,32532,43333,75869,23437,50701,74138,0,57337,57643
2012,Miami-Dade,541440,332981,878314,0,0,0,523461,292757,827969,0,0,0,0,0,0,0,0,0,238196,341513,620441,181069,79448,260517,212518,304616,517238
2012,Monroe,19404,19234,39057,0,0,0,19506,17013,37286,0,0,0,0,0,0,0,0,0,19680,15761,36996,16699,19321,36020,15896,21142,37038
2012,Nassau,10251,29929,40528,0,0,0,13313,24773,39341,0,0,0,0,0,0,0,0,0,0,30763,38096,10354,29174,39528,9868,29057,38933
2012,Okaloosa,23421,70168,94798,0,0,0,27098,61796,92177,0,0,0,0,0,0,0,0,0,20509,66955,91558,0,69544,87699,0,9758,9769
2012,Okeechobee,4856,7328,12324,0,0,0,5972,5554,11941,0,0,0,0,0,0,0,0,0,4828,7114,11943,4508,7106,11614,6023,5614,11637
2012,Orange,273665,188589,466359,0,0,0,282090,153241,444293,0,0,0,0,0,0,0,0,0,262799,186304,451516,251907,181822,435778,145182,108553,253742
2012,Osceola,67239,40592,108698,0,0,0,69690,32331,104886,0,0,0,0,0,0,0,0,0,64937,38627,103564,64610,39048,103658,55274,43432,102258
2012,Palm Beach,349651,247398,600721,0,0,0,362499,198238,569067,0,0,0,0,0,0,0,0,0,367614,144945,558220,351002,182271,533378,191635,176892,368551
2012,Pasco,98263,112427,213573,0,0,0,111764,87620,207786,0,0,0,0,0,0,0,0,0,70091,127968,206094,0,0,0,0,54197,54249
2012,Pinellas,239104,213258,457702,0,0,0,263427,167380,445436,0,0,0,0,0,0,0,0,0,196898,242967,441581,93296,246840,340556,181552,184018,368958
2012,Polk,114622,131577,248683,0,0,0,126722,107393,241667,0,0,0,0,0,0,0,0,0,61047,60640,121692,102095,133274,235369,43164,115972,198579
2012,Putnam,11667,19326,31324,0,0,0,14560,14942,30729,0,0,0,0,0,0,0,0,0,12617,16765,29993,12687,17623,30310,0,0,0
2012,Santa Rosa,17768,58186,76846,0,0,0,21893,50772,75065,0,0,0,0,0,0,0,0,0,14972,57233,74723,0,63331,63420,0,55313,55402
2012,Sarasota,95119,110504,207480,0,0,0,102569,93502,201365,0,0,0,0,0,0,0,0,0,95399,105978,201377,0,0,0,44021,59824,107249
2012,Seminole,96445,109943,208620,0,0,0,106371,90179,201645,0,0,0,0,0,0,0,0,0,81411,116046,197889,85743,106308,192055,60909,102803,186578
2012,St. Johns,35190,78513,114795,0,0,0,41171,66626,111515,0,0,0,0,0,0,0,0,0,35153,74550,109703,36086,73360,109446,6382,74083,105445
2012,St. Lucie,65869,56202,123027,0,0,0,70179,45989,118943,0,0,0,0,0,0,0,0,0,65567,52672,118286,59728,57218,116946,35073,58328,93609
2012,Sumter,19524,40646,60479,0,0,0,23410,34058,59210,0,0,0,0,0,0,0,0,0,18040,39502,57542,0,29492,38448,0,0,0
2012,Suwannee,4751,12672,17629,0,0,0,6277,10480,17356,0,0,0,0,0,0,0,0,0,4086,12587,17194,0,0,0,0,0,0
2012,Taylor,2764,6249,9120,0,0,0,3914,4802,8972,0,0,0,0,0,0,0,0,0,2823,6154,8977,4415,4292,8707,2821,6066,8887
2012,Union,1339,3980,5393,0,0,0,2057,3070,5272,0,0,0,0,0,0,0,0,0,1001,4184,5287,0,0,0,0,0,0
2012,Volusia,114748,117490,234536,0,0,0,126302,95927,228992,0,0,0,0,0,0,0,0,0,104913,116913,221827,102378,119466,221845,35123,90101,154754
2012,Wakulla,5175,9290,14660,0,0,0,6700,7098,14337,0,0,0,0,0,0,0,0,0,5334,9076,14414,8538,5644,14182,4751,9473,14224
2012,Walton,6671,21490,28494,0,0,0,8480,18433,27829,0,0,0,0,0,0,0,0,0,6399,20045,27472,0,20603,26958,0,20951,26594
2012,Washington,2820,8038,10999,0,0,0,4161,6339,10874,0,0,0,0,0,0,0,0,0,3047,7822,10879,0,7316,10212,0,6683,10586
2018,Alachua,0,0,0,72711,41278,115194,74493,40599,115112,67657,43897,113511,69101,42419,111524,70829,41605,112434,70937,43579,114516,68878,43519,114710,36479,30685,67417
2018,Baker,0,0,0,1760,8687,10542,1945,8579,10525,1605,8777,10476,1662,8703,10365,1711,8685,10396,1966,8448,10414,0,0,0,1518,8770,10488
2018,Bay,0,0,0,16757,45709,63331,16723,46681,63411,15458,46313,62871,13075,50105,63182,17033,45751,62784,15834,47366,63200,15453,47563,63016,0,50543,50796
2018,Bradford,0,0,0,2671,7698,10505,2879,7576,10456,2423,7791,10385,2499,7771,10270,2591,7770,10361,2460,7983,10443,0,0,0,2613,7644,10257
2018,Brevard,0,0,0,114921,162213,281588,121112,160305,281473,105093,168379,279111,110641,165092,275756,117231,159030,276261,112989,167649,280638,41572,58888,100460,111484,165603,277087
2018,Broward,0,0,0,482152,222012,709179,472239,211397,683636,467982,220278,698526,471690,221226,692916,479457,214161,693618,444766,174865,633997,124578,0,124578,93522,70820,165521
2018,Calhoun,0,0,0,923,3576,4609,1033,3586,4619,947,3531,4559,845,3751,4596,1014,3527,4541,925,3666,4591,0,0,0,0,0,0
2018,Charlotte,0,0,0,31248,54102,86896,33525,52916,86457,28427,55028,85376,30778,53473,84258,32042,53008,85050,32617,53387,86004,32193,52767,84960,0,0,0
2018,Citrus,0,0,0,21197,47729,70898,22660,48008,70683,19026,49669,70399,20759,48111,68872,22553,47307,69860,22380,47839,70229,21112,48639,69751,21320,48523,69843
2018,Clay,0,0,0,28150,64401,93482,27718,65639,93368,24791,66401,92676,25683,66177,91861,26587,65567,92154,26019,66733,92752,0,0,0,4247,13951,18198
2018,Collier,0,0,0,53594,100303,155453,54390,101266,155662,49363,102682,153806,51283,100322,151608,53557,98417,151974,55337,99206,154544,50725,101935,152660,53365,96992,151122
2018,Columbia,0,0,0,7105,17426,24843,7505,17234,24745,6726,17568,24656,6904,17464,24369,7005,17508,24513,6938,17560,24498,0,0,0,6305,17234,24693
2018,Desoto,0,0,0,3059,5663,8902,3328,5503,8831,2802,5874,8829,3118,5579,8697,3180,5628,8808,3253,5557,8810,3065,5723,8788,0,7946,7946
2018,Dixie,0,0,0,1008,4663,5801,1322,4442,5764,937,4741,5762,1073,4611,5684,1050,4671,5721,989,4750,5739,0,0,0,933,4836,5769
2018,Duval,0,0,0,196612,179902,379948,192381,185904,378330,180292,189329,375551,182484,188475,370973,187581,184673,372254,179664,189024,374669,70763,116829,192228,106396,145951,252347
2018,Escambia,0,0,0,52835,74719,129367,52891,75947,128855,48501,77109,128013,50430,76155,126586,52005,75306,127311,54734,73752,128486,0,0,0,26143,40517,66660
2018,Flagler,0,0,0,21183,30951,52816,21419,31467,52897,19483,32053,52496,20499,31151,51653,21325,30638,51963,21635,30583,52218,0,0,0,20951,30749,51700
2018,Franklin,0,0,0,1790,3508,5420,2011,3404,5415,1759,3449,5330,1604,3781,5385,1887,3447,5334,1805,3589,5394,0,0,0,0,0,0
2018,Gadsden,0,0,0,13712,6200,20058,13945,6051,19997,13042,6642,19876,13216,6569,19785,13488,6329,19817,14612,5356,19968,0,0,0,0,0,0
2018,Gilchrist,0,0,0,1282,5975,7366,1633,5703,7336,1148,6095,7335,1363,5882,7245,1332,5985,7317,1324,5991,7315,0,0,0,1183,6143,7326
2018,Glades,0,0,0,1095,2647,3830,1156,2666,3823,1032,2690,3795,1121,2619,3740,1066,2744,3810,1184,2598,3782,1127,2655,3782,1116,2643,3759
2018,Gulf,0,0,0,1511,4265,5896,1580,4321,5901,1426,4300,5844,1275,4597,5872,1505,4312,5817,1458,4411,5869,0,0,0,0,0,0
2018,Hamilton,0,0,0,1591,2908,4552,1671,2856,4527,1530,2942,4519,1594,2877,4471,1618,2898,4516,1756,2746,4502,0,0,0,1542,2815,4487
2018,Hardee,0,0,0,1802,4486,6398,1916,4455,6371,1547,4712,6366,1743,4532,6275,1805,4485,6290,1903,4428,6331,1797,4519,6316,0,5922,5922
2018,Hendry,0,0,0,3516,5177,8873,3542,5304,8846,3289,5332,8769,3460,5177,8637,3413,5389,8802,3557,5051,8608,3404,5246,8650,3450,5015,8631
2018,Hernando,0,0,0,29426,49671,80614,30798,49501,80313,26090,52218,80057,28541,50579,79123,30719,48774,79493,30385,49362,79761,29318,49960,79278,30171,49237,79408
2018,Highlands,0,0,0,12783,26285,39757,13398,26282,39686,11587,27231,39519,12564,26539,39103,13392,26017,39409,13299,25913,39212,12881,26327,39208,13947,25206,39153
2018,Hillsborough,0,0,0,281598,234835,522863,281661,239641,521374,251985,258082,518739,266493,243827,510336,283285,228457,511742,113143,120732,233995,151864,147863,299727,238311,209340,449307
2018,Holmes,0,0,0,737,5940,6773,856,5919,6775,732,5921,6755,688,6053,6741,791,5958,6749,787,5963,6750,720,6022,6742,0,0,0
2018,Indian River,0,0,0,28460,44925,74252,29195,44798,74004,25807,46247,73294,26833,45037,71870,27940,44655,72595,27005,46744,73749,0,0,0,26116,47144,73260
2018,Jackson,0,0,0,5019,10771,15977,5182,10791,15974,4956,10744,15869,4761,11118,15879,5214,10643,15857,4891,10935,15826,4682,11081,15763,0,0,0
2018,Jefferson,0,0,0,3375,3877,7359,3626,3699,7327,3138,3992,7245,3260,3911,7171,3333,3877,7210,3719,3568,7287,0,0,0,0,0,0
2018,Lafayette,0,0,0,419,2364,2825,623,2195,2818,415,2355,2809,477,2301,2778,462,2341,2803,458,2328,2786,0,0,0,0,0,0
2018,Lake,0,0,0,60289,92633,155138,61402,93537,154954,54686,96282,153925,57600,93737,151342,59640,92600,152240,60849,92949,153811,59931,92321,152257,60034,92514,152548
2018,Lee,0,0,0,111172,174085,289577,114857,174316,289214,101425,179082,285499,108229,172190,280435,111462,171574,283036,111897,174534,286466,23134,39762,62896,106546,172734,279280
2018,Leon,0,0,0,88764,49942,140034,91097,48767,139898,81881,53398,137658,81878,53869,135760,86234,49465,135699,89684,48574,138258,0,0,0,0,0,0
2018,Levy,0,0,0,4718,12084,17089,5319,11658,16980,4259,12496,16994,4815,11996,16811,4832,12079,16911,4715,12168,16883,0,0,0,4696,12207,16903
2018,Liberty,0,0,0,527,2060,2682,632,2076,2708,566,2014,2628,525,2116,2641,611,2023,2634,580,2077,2657,0,0,0,0,0,0
2018,Madison,0,0,0,3235,4345,7625,3425,4184,7609,3084,4413,7566,3193,4296,7489,3169,4347,7516,3456,4101,7557,0,0,0,0,0,0
2018,Manatee,0,0,0,67629,93246,163349,68877,94390,163295,61755,96918,161978,64242,95891,160142,69102,91226,160328,67653,95137,162790,0,0,0,59389,89095,148484
2018,Marion,0,0,0,57392,94901,154861,59025,95592,154661,52779,98396,153566,56052,95696,151756,57497,94651,152148,57452,95441,152910,52291,91086,144954,49354,89997,139351
2018,Martin,0,0,0,29133,47820,77723,30691,46733,77436,25817,49112,76315,27133,47882,75018,29285,47078,76363,27694,50235,77929,28433,47813,76246,28169,47434,75603
2018,Miami-Dade,0,0,0,478958,311581,799024,485496,316020,801547,457283,307638,780329,465060,315335,780409,475943,305196,781139,299870,302965,610033,147319,145429,292748,290946,252110,549359
2018,Monroe,0,0,0,17176,18509,36133,18051,18035,36090,16196,18411,35375,16393,18524,34921,17428,17672,35100,16671,19307,35978,0,0,0,15456,20445,35901
2018,Nassau,0,0,0,11472,31704,43566,11703,31795,43501,10323,32320,43154,10499,32306,42805,11064,31906,42970,9895,32571,43245,9835,32518,43231,10815,32020,42835
2018,Okaloosa,0,0,0,22408,59940,83882,22902,60924,83845,20351,61090,83184,21192,61272,82466,22317,60650,82967,23694,60222,83916,19544,53992,73536,19804,60369,81890
2018,Okeechobee,0,0,0,3306,7730,11239,3496,7727,11224,3008,7946,11147,3237,7699,10936,3235,7906,11141,3415,7665,11080,3326,7679,11005,3409,7621,11030
2018,Orange,0,0,0,296257,174228,475719,294308,180763,475141,273906,186732,469305,279327,183558,462902,288829,174695,463524,125592,71936,197528,0,0,0,212851,157590,370441
2018,Osceola,0,0,0,68707,44627,115021,67123,47898,115029,64603,47031,113870,67051,45834,112898,68490,44707,113197,71924,41829,113753,0,0,0,27192,30482,57674
2018,Palm Beach,0,0,0,341409,241016,586724,344008,244850,588894,323380,246796,580267,331024,239098,570139,340351,235346,575697,157839,101495,259499,139971,9336,149692,155972,131152,291746
2018,Pasco,0,0,0,86384,120753,210941,89447,121212,210710,76248,129854,210319,82942,124558,207512,89564,118373,207937,80624,124959,210789,87148,120358,207506,55828,127050,205329
2018,Pinellas,0,0,0,220818,207677,435294,228712,205935,434774,193229,228560,430845,210986,214264,425285,228217,200337,428554,232512,199700,434400,174400,198966,373366,147869,176036,324686
2018,Polk,0,0,0,104057,136711,244413,105748,138751,244544,95766,142971,242813,100703,138697,239410,105643,134951,240594,107853,131483,239348,104398,135584,239982,56378,110593,166971
2018,Putnam,0,0,0,9011,18721,28124,9344,18689,28038,8375,19067,27914,8566,18979,27546,8811,18984,27795,8494,19490,27984,8506,19040,27989,8441,19364,27805
2018,Santa Rosa,0,0,0,18207,56148,75567,19047,56374,75431,16078,57320,75121,17387,57034,74423,18354,56509,74863,19948,55526,75474,0,0,0,0,50559,65077
2018,Sarasota,0,0,0,94986,113211,210948,96973,113585,210593,88462,117001,209214,90191,115895,206097,97072,110078,207150,94779,114565,209344,92185,113958,206143,91192,108080,201643
2018,Seminole,0,0,0,100197,96622,199216,101504,97457,198992,90718,101735,196304,92840,99874,192728,97764,96039,193803,106343,91423,197766,0,0,0,96163,97732,193895
2018,St. Johns,0,0,0,46206,83658,130997,45638,85031,130681,41200,85912,129216,41780,85670,127450,44458,83680,128138,40858,85608,129184,0,0,0,7432,87279,126089
2018,St. Lucie,0,0,0,63605,58990,124038,63978,59612,123624,59140,61426,122832,61177,59439,120621,62566,59233,121799,62281,61645,123926,62254,59907,122161,62457,59098,121555
2018,Sumter,0,0,0,21843,51798,74396,21678,52868,74549,19716,53435,73964,21152,51935,73088,22154,51044,73198,22205,51631,73844,21710,51453,73165,21979,50805,72784
2018,Suwannee,0,0,0,3450,12234,15906,4044,11842,15888,3244,12393,15849,3582,12122,15704,3572,12183,15755,3472,12376,15848,0,0,0,3235,11937,15850
2018,Taylor,0,0,0,1877,5942,7941,2263,5638,7901,1847,5964,7881,2019,5773,7792,2060,5778,7838,1982,5879,7861,0,0,0,0,0,0
2018,Union,0,0,0,972,3841,4868,1197,3650,4847,912,3857,4836,940,3861,4801,948,3904,4852,899,3964,4863,0,0,0,942,3859,4801
2018,Volusia,0,0,0,100478,124819,228760,102819,125762,228581,91437,130511,226486,97085,125971,223056,100863,122739,223602,103779,122589,226368,54589,65167,119756,97273,125300,223975
2018,Wakulla,0,0,0,4194,9802,14220,4868,9322,14190,3985,9858,14111,4262,9759,14021,4491,9535,14026,4469,9623,14092,0,0,0,0,0,0
2018,Walton,0,0,0,7019,22925,30331,7485,22776,30265,6407,23222,30156,6311,23738,30054,7011,23061,30072,7329,22861,30190,6848,23227,30075,0,0,0
2018,Washington,0,0,0,1865,7017,9048,1959,7101,9060,1850,6999,8995,1650,7369,9019,1916,7089,9005,1792,7227,9019,1732,7272,9004,0,0,0
2016,Alachua,75820,46834,128571,0,0,0,69399,54203,127334,0,0,0,0,0,0,0,0,0,71025,51126,125844,71535,55211,126746,36755,34818,71576
2016,Baker,2112,10294,12634,0,0,0,2135,9901,12458,0,0,0,0,0,0,0,0,0,2912,9350,12262,0,0,0,3376,8796,12172
2016,Bay,21797,62194,87453,0,0,0,19971,62906,86713,0,0,0,0,0,0,0,0,0,19664,63115,85806,0,0,0,0,72436,73589
2016,Bradford,2924,8913,12098,0,0,0,2694,8720,11867,0,0,0,0,0,0,0,0,0,3110,8411,11872,0,0,0,3005,8233,11238
2016,Brevard,119679,181848,314752,0,0,0,112914,181496,311397,0,0,0,0,0,0,0,0,0,100858,192156,307153,74253,187402,295111,82064,121165,203229
2016,Broward,553320,260951,831951,0,0,0,522932,278766,819082,0,0,0,0,0,0,0,0,0,495206,259978,763524,128640,75368,204012,101696,81969,183665
2016,Calhoun,1241,4655,6081,0,0,0,1275,4331,6005,0,0,0,0,0,0,0,0,0,1331,4423,5903,3807,2156,5963,0,0,0
2016,Charlotte,33445,60218,96374,0,0,0,30207,60194,95074,0,0,0,0,0,0,0,0,0,31117,57440,93280,18872,33115,51987,0,0,0
2016,Citrus,22789,54456,79700,0,0,0,24038,48798,78262,0,0,0,0,0,0,0,0,0,21681,51587,76290,0,0,0,0,0,0
2016,Clay,27822,74963,106483,0,0,0,23251,77965,105312,0,0,0,0,0,0,0,0,0,26021,73786,103768,0,0,0,4389,78625,97070
2016,Collier,61085,105423,170789,0,0,0,49470,115719,169364,0,0,0,0,0,0,0,0,0,50884,112940,163831,0,129923,129941,7471,123428,130919
2016,Columbia,7601,20368,28707,0,0,0,7361,19924,28301,0,0,0,0,0,0,0,0,0,7761,18926,27365,0,0,0,10155,17993,28148
2016,Desoto,3781,6778,10818,0,0,0,3346,6844,10639,0,0,0,0,0,0,0,0,0,3666,6409,10455,0,0,0,3569,6768,10337
2016,Dixie,1270,5822,7202,0,0,0,1582,5040,6979,0,0,0,0,0,0,0,0,0,1406,5199,6808,0,0,0,1528,5388,6916
2016,Duval,205704,211672,432695,0,0,0,171598,241000,427814,0,0,0,0,0,0,0,0,0,179519,234687,420142,0,0,0,84813,270257,355332
2016,Escambia,57461,88808,152469,0,0,0,51316,94200,151415,0,0,0,0,0,0,0,0,0,58192,89209,147401,0,118835,119111,28206,97038,142436
2016,Flagler,22026,33850,57503,0,0,0,21260,32914,56625,0,0,0,0,0,0,0,0,0,21363,33772,55135,20897,33505,54402,21289,32899,54188
2016,Franklin,1744,4125,6015,0,0,0,1826,3861,5908,0,0,0,0,0,0,0,0,0,1787,3905,5811,2917,2826,5743,0,0,0
2016,Gadsden,15020,6728,22113,0,0,0,14573,6887,21953,0,0,0,0,0,0,0,0,0,16542,4996,21538,17061,4547,21608,18368,0,18371
2016,Gilchrist,1458,6740,8420,0,0,0,1675,6303,8324,0,0,0,0,0,0,0,0,0,1528,6354,8099,0,0,0,1564,6639,8203
2016,Glades,1271,2996,4353,0,0,0,1196,2927,4295,0,0,0,0,0,0,0,0,0,1228,2828,4225,0,0,0,0,0,0
2016,Gulf,1720,5329,7293,0,0,0,1750,5191,7206,0,0,0,0,0,0,0,0,0,1718,5205,7157,3051,4030,7081,0,0,0
2016,Hamilton,1904,3443,5460,0,0,0,2106,3050,5358,0,0,0,0,0,0,0,0,0,2520,2726,5246,2550,2681,5231,3253,2106,5359
2016,Hardee,2149,5242,7583,0,0,0,2025,5151,7494,0,0,0,0,0,0,0,0,0,2152,4806,7235,0,0,0,2080,5315,7395
2016,Hendry,4615,6195,11115,0,0,0,3892,6683,10926,0,0,0,0,0,0,0,0,0,4332,6205,10537,0,8121,8126,0,8111,8112
2016,Hernando,31795,58970,93796,0,0,0,32766,53708,92304,0,0,0,0,0,0,0,0,0,31349,55509,89975,0,0,0,30901,49966,80867
2016,Highlands,14937,29565,45686,0,0,0,14498,28123,44975,0,0,0,0,0,0,0,0,0,13697,28599,43964,0,0,0,0,0,0
2016,Hillsborough,307896,266870,597660,0,0,0,281122,283871,590553,0,0,0,0,0,0,0,0,0,307172,264453,571625,192965,168338,385617,138038,168524,306562
2016,Holmes,853,7483,8514,0,0,0,976,7039,8414,0,0,0,0,0,0,0,0,0,1176,6939,8195,0,0,0,0,6293,8338
2016,Indian River,29043,48620,80009,0,0,0,28288,48181,78988,0,0,0,0,0,0,0,0,0,23813,50249,76518,25838,49851,75689,0,60841,60882
2016,Jackson,6397,14257,21041,0,0,0,6362,13820,20862,0,0,0,0,0,0,0,0,0,6410,13630,20483,0,0,0,0,9654,20389
2016,Jefferson,3541,3930,7645,0,0,0,3623,3751,7596,0,0,0,0,0,0,0,0,0,4324,3190,7525,4844,2649,7493,0,0,0
2016,Lafayette,518,2809,3392,0,0,0,669,2572,3361,0,0,0,0,0,0,0,0,0,587,2569,3230,0,0,0,0,0,0
2016,Lake,62838,102188,170462,0,0,0,59151,100664,167960,0,0,0,0,0,0,0,0,0,58701,101902,162892,20963,113544,134701,0,37502,50030
2016,Lee,124908,191551,326420,0,0,0,104591,204778,321840,0,0,0,0,0,0,0,0,0,110146,197634,309397,0,222865,223145,24133,90331,141840
2016,Leon,92068,53821,152132,0,0,0,86641,59958,151071,0,0,0,0,0,0,0,0,0,91335,54327,147242,106290,41624,147914,96096,41816,137960
2016,Levy,5101,13775,19395,0,0,0,5294,12914,19067,0,0,0,0,0,0,0,0,0,5057,12813,18419,0,0,0,0,0,0
2016,Liberty,651,2543,3296,0,0,0,748,2290,3209,0,0,0,0,0,0,0,0,0,797,2243,3125,2164,1003,3167,0,0,0
2016,Madison,3526,4851,8505,0,0,0,3564,4584,8401,0,0,0,0,0,0,0,0,0,4153,4054,8207,4593,3674,8267,0,0,0
2016,Manatee,71224,101944,178958,0,0,0,66545,102717,177197,0,0,0,0,0,0,0,0,0,64632,110507,175139,0,0,0,40899,63349,104248
2016,Marion,62041,107833,174700,0,0,0,59537,104400,172323,0,0,0,0,0,0,0,0,0,59995,102486,168129,25041,114303,139450,28373,46698,75071
2016,Martin,30185,53204,85792,0,0,0,33685,49806,85520,0,0,0,0,0,0,0,0,0,28474,53479,84756,20647,62149,82796,29243,51031,80274
2016,Miami-Dade,624146,333999,980204,0,0,0,529445,420063,969997,0,0,0,0,0,0,0,0,0,310314,397776,722883,417163,339900,823023,293820,326993,620813
2016,Monroe,18971,21904,42478,0,0,0,18738,21629,41813,0,0,0,0,0,0,0,0,0,15404,23216,41066,18250,21523,39773,14633,26015,40648
2016,Nassau,10869,34266,46607,0,0,0,9544,34974,46110,0,0,0,0,0,0,0,0,0,8755,35663,45315,0,0,0,0,38835,38852
2016,Okaloosa,23780,71893,100855,0,0,0,20813,74749,99992,0,0,0,0,0,0,0,0,0,27135,71684,98819,0,8568,8584,0,72010,72080
2016,Okeechobee,3959,9356,13653,0,0,0,4287,8647,13491,0,0,0,0,0,0,0,0,0,3624,8984,13150,0,0,0,0,0,0
2016,Orange,329894,195216,546275,0,0,0,293696,224853,539825,0,0,0,0,0,0,0,0,0,329569,199411,529346,341088,141008,482273,213082,104068,356682
2016,Osceola,85458,50301,140206,0,0,0,75646,57103,138523,0,0,0,0,0,0,0,0,0,85582,49595,135177,82271,50298,132569,88434,34781,123245
2016,Palm Beach,374673,272402,662332,0,0,0,350625,287899,652813,0,0,0,0,0,0,0,0,0,373247,250604,635719,127216,112749,239965,210441,103150,326696
2016,Pasco,90142,142101,241139,0,0,0,88665,134779,237602,0,0,0,0,0,0,0,0,0,74832,159472,234304,0,51215,51312,33741,34432,68173
2016,Pinellas,233701,239201,492403,0,0,0,222928,236421,484314,0,0,0,0,0,0,0,0,0,223885,260020,483905,45551,152961,198867,201592,232917,434509
2016,Polk,117433,157430,284314,0,0,0,110363,156196,280287,0,0,0,0,0,0,0,0,0,115365,152164,268663,80298,90714,171012,110156,157261,267417
2016,Putnam,10094,22138,33117,0,0,0,9910,21474,32701,0,0,0,0,0,0,0,0,0,11685,18858,32109,11414,20914,32328,10223,21601,31824
2016,Santa Rosa,18464,65339,87745,0,0,0,16284,66921,87023,0,0,0,0,0,0,0,0,0,20396,65144,85540,0,72526,72629,2123,6874,8997
2016,Sarasota,97870,124438,229063,0,0,0,92332,124163,225556,0,0,0,0,0,0,0,0,0,88485,129556,221006,92065,124795,216860,81089,119930,201019
2016,Seminole,105914,109443,224896,0,0,0,94449,117734,221412,0,0,0,0,0,0,0,0,0,103836,114820,218679,0,0,0,22368,75112,124872
2016,St. Johns,43099,88684,136514,0,0,0,35580,95753,135585,0,0,0,0,0,0,0,0,0,36053,94246,132531,37988,91889,129877,7041,13245,20286
2016,St. Lucie,66881,70289,140847,0,0,0,69590,66222,139581,0,0,0,0,0,0,0,0,0,66336,67229,138623,54723,79561,134284,25236,31458,56696
2016,Sumter,22638,52730,76665,0,0,0,21187,51846,75895,0,0,0,0,0,0,0,0,0,20283,51987,73717,0,57907,57999,0,0,0
2016,Suwannee,3964,14287,18694,0,0,0,4483,13335,18503,0,0,0,0,0,0,0,0,0,4109,13553,18077,0,0,0,6076,12248,18324
2016,Taylor,2152,6930,9290,0,0,0,2658,6216,9232,0,0,0,0,0,0,0,0,0,2422,6391,8996,4202,4818,9020,0,0,0
2016,Union,1014,4568,5694,0,0,0,1064,4313,5575,0,0,0,0,0,0,0,0,0,1137,4347,5609,0,0,0,1148,4205,5353
2016,Volusia,109091,143007,260869,0,0,0,104531,139933,256677,0,0,0,0,0,0,0,0,0,108879,141764,250643,39493,134765,214108,104394,140270,244664
2016,Wakulla,4348,10512,15351,0,0,0,4852,9773,15199,0,0,0,0,0,0,0,0,0,4583,9942,14862,7809,7184,14993,0,0,0
2016,Walton,6876,25756,33637,0,0,0,6334,25722,33338,0,0,0,0,0,0,0,0,0,7580,24679,32259,0,0,0,0,24804,32409
2016,Washington,2264,8637,11156,0,0,0,2232,8323,11030,0,0,0,0,0,0,0,0,0,2213,8403,10920,0,0,0,0,7763,10795
2022,Alachua,0,0,0,54796,40321,95901,55439,39220,95734,54051,40899,94950,54069,39927,93996,53785,39810,93595,55454,38704,95210,20021,15567,35588,47808,29196,77004
2022,Baker,0,0,0,1092,9594,10725,1181,9431,10692,1081,9523,10604,1155,9219,10374,1162,9328,10490,1152,9379,10612,0,0,0,0,0,0
2022,Bay,0,0,0,14091,52590,67093,14547,51657,66956,13991,52728,66719,12913,53919,66832,14810,51333,66143,14990,51848,66838,14443,51817,66260,0,0,0
2022,Bradford,0,0,0,1852,8346,10267,1942,8156,10210,1790,8329,10119,1892,8141,10033,1886,8089,9975,1859,8179,10168,0,0,0,0,0,0
2022,Brevard,0,0,0,95131,170562,267453,98978,165233,267163,88987,175358,264345,93923,167742,261665,94301,167640,261941,95227,169767,264994,9343,18774,28117,33468,59291,92875
2022,Broward,0,0,0,343286,251238,598607,353575,238962,598046,344127,245705,589832,343187,243960,587147,345307,238801,584108,350531,230876,584754,68330,47679,116009,155299,128762,284061
2022,Calhoun,0,0,0,657,4180,4858,700,4067,4832,652,4179,4831,680,4151,4831,741,4044,4785,768,4068,4836,704,4079,4783,0,0,0
2022,Charlotte,0,0,0,27005,65357,92706,27757,63845,92448,26285,65053,91338,26661,63646,90307,27142,63610,90752,27343,63900,91854,26925,63504,90429,0,0,0
2022,Citrus,0,0,0,19100,56283,75826,19634,55087,75668,17584,57574,75158,19001,55481,74482,17835,56660,74495,19245,55827,75073,0,54782,71884,0,0,0
2022,Clay,0,0,0,22187,67292,90119,23054,65972,90049,21369,68074,89443,22248,66731,88979,22383,66563,88946,22530,66983,89517,0,0,0,18392,51146,69538
2022,Collier,0,0,0,45815,117477,163759,46537,116050,163489,44781,116420,161201,44736,115445,160181,45380,114378,159758,46441,115138,161719,0,0,0,7524,19500,27024
2022,Columbia,0,0,0,4789,18790,23727,5070,18344,23655,4706,18762,23468,5002,18349,23351,4974,18399,23373,4961,18332,23555,0,0,0,0,0,0
2022,Desoto,0,0,0,2023,6637,8701,2097,6469,8659,2006,6574,8580,2137,6371,8508,2105,6429,8534,0,6504,8184,2008,6537,8545,0,0,0
2022,Dixie,0,0,0,735,5394,6179,826,5225,6134,747,5375,6122,826,5066,5892,814,5270,6084,793,5258,6136,825,5224,6049,0,0,0
2022,Duval,0,0,0,143837,182569,329319,147646,177401,328841,139677,186628,326305,142996,181195,324191,145624,177499,323123,75485,61692,137177,147628,176806,324434,58362,115173,187956
2022,Escambia,0,0,0,40076,74608,115737,40790,73225,115496,39243,75597,114840,39825,73747,113572,40454,73499,113953,46764,67337,114101,40200,74563,114763,40203,74394,114597
2022,Flagler,0,0,0,19177,39183,58696,20204,37934,58621,18418,39689,58107,19281,38298,57579,19249,38247,57496,0,40018,53830,0,0,0,19223,38328,57551
2022,Franklin,0,0,0,1406,4003,5442,1471,3885,5418,1371,4010,5381,1354,4031,5385,1452,3908,5360,1563,3846,5409,1574,3810,5384,0,0,0
2022,Gadsden,0,0,0,10805,6511,17426,11113,6086,17384,10099,7202,17301,10542,6694,17236,10672,6478,17150,11314,6048,17362,10990,6357,17347,11110,6096,17206
2022,Gilchrist,0,0,0,1017,6806,7868,1087,6657,7846,988,6812,7800,1081,6551,7632,1026,6736,7762,1067,6667,7831,0,0,0,1022,6766,7788
2022,Glades,0,0,0,721,3091,3829,764,3026,3818,742,3041,3783,779,2963,3742,740,3023,3763,0,3000,3643,0,0,0,0,0,0
2022,Gulf,0,0,0,1247,5150,6425,1295,5069,6419,1239,5145,6384,1179,5217,6396,1335,5018,6353,1358,5044,6402,1388,4960,6348,0,0,0
2022,Hamilton,0,0,0,1120,3145,4293,1215,3030,4282,1090,3170,4260,1174,3055,4229,1153,3079,4232,1155,3053,4244,1180,3025,4205,0,0,0
2022,Hardee,0,0,0,949,4558,5536,981,4480,5522,894,4591,5485,999,4409,5408,942,4422,5364,0,4513,5308,908,4540,5448,0,0,0
2022,Hendry,0,0,0,2052,6134,8261,2121,6008,8233,2110,6038,8148,2161,5919,8080,2117,5988,8105,0,6114,7802,0,0,0,0,0,0
2022,Hernando,0,0,0,23700,56247,80415,24298,54822,80149,22422,57154,79576,23702,55110,78812,22855,55997,78852,23761,55717,79478,0,55330,76831,23320,55233,78553
2022,Highlands,0,0,0,9994,29518,39825,10480,28777,39731,9570,29906,39476,10273,28872,39145,10002,29116,39118,0,29491,37671,0,0,0,0,0,0
2022,Hillsborough,0,0,0,217349,261936,483514,222378,253495,482343,211378,268026,479404,217007,257725,474732,213504,260234,473738,226263,249997,476266,181602,198366,379968,192196,243080,435276
2022,Holmes,0,0,0,533,6214,6782,556,6151,6770,537,6209,6746,537,6201,6738,583,6136,6719,598,6149,6747,592,6128,6720,0,0,0
2022,Indian River,0,0,0,24744,52269,77400,25613,50878,77192,23678,52607,76285,24489,50957,75446,24109,51035,75144,24637,51480,76117,0,0,0,24306,51321,75627
2022,Jackson,0,0,0,3835,12412,16326,3956,12188,16279,3769,12456,16225,3841,12394,16235,3983,12192,16175,4133,12137,16270,3918,12226,16144,0,0,0
2022,Jefferson,0,0,0,2776,4310,7127,2929,4137,7124,2615,4459,7074,2697,4318,7015,2734,4287,7021,2973,4137,7110,2962,4114,7076,0,0,0
2022,Lafayette,0,0,0,294,2617,2918,348,2521,2907,273,2618,2891,320,2555,2875,299,2584,2883,297,2571,2896,330,2533,2863,0,0,0
2022,Lake,0,0,0,52579,106578,160160,55377,103103,160013,49055,109246,158301,52205,104794,156999,52147,104894,157041,36029,107062,155702,54072,102253,156325,23001,94752,141722
2022,Lee,0,0,0,84739,189335,275239,87108,185123,274510,83426,187177,270603,84378,183419,267797,85482,181963,267445,88543,182794,271657,9125,171396,182214,57450,115398,172848
2022,Leon,0,0,0,67535,49244,117751,69677,46511,117487,63860,52498,116358,63931,51663,115594,65677,49379,115056,70792,46430,117222,69929,46949,116878,26342,8774,35116
2022,Levy,0,0,0,3758,14049,17914,3944,13690,17865,3735,14079,17814,3926,13738,17664,3882,13864,17746,3935,13648,17830,3909,13799,17708,4142,13616,17758
2022,Liberty,0,0,0,371,2234,2617,405,2164,2602,363,2231,2594,373,2220,2593,411,2168,2579,489,2121,2610,496,2082,2578,0,0,0
2022,Madison,0,0,0,2293,4661,6981,2442,4476,6976,2169,4783,6952,2288,4608,6896,2283,4640,6923,2467,4494,6961,2357,4574,6931,0,0,0
2022,Manatee,0,0,0,59801,111109,171730,61423,108234,171394,56730,113464,170194,58841,109967,168808,58736,109873,168609,58725,111719,170459,0,0,0,34893,72271,107164
2022,Marion,0,0,0,47129,108027,156050,49698,104655,155791,44673,109859,154532,47470,105610,153080,47126,105861,152987,29361,106340,149373,47346,106202,153548,7252,10336,17588
2022,Martin,0,0,0,23748,53595,77667,24639,52312,77564,22614,54012,76626,23385,52616,76001,23379,52322,75701,22233,55018,77251,0,0,0,22718,53509,76227
2022,Miami-Dade,0,0,0,312972,393532,711851,318978,386251,711715,317204,381306,698510,311005,383095,694100,318561,376524,695085,319547,384931,704500,131225,169514,300739,146372,207451,353823
2022,Monroe,0,0,0,13314,20479,34004,13756,19897,33972,13037,20428,33465,12992,20188,33180,13267,19946,33213,13183,20421,33610,0,0,0,13005,20403,33408
2022,Nassau,0,0,0,10973,36551,47764,11337,35944,47713,10225,37044,47269,10682,36222,46904,10773,36084,46857,10387,37021,47409,10628,36399,47027,0,38555,39092
2022,Okaloosa,0,0,0,18569,61715,81008,18851,60808,80789,18338,61888,80226,18521,61233,79754,19007,60613,79620,23015,56621,79636,19269,60093,79362,0,10427,10451
2022,Okeechobee,0,0,0,2079,8746,10886,2218,8532,10863,2025,8704,10729,2179,8428,10607,2087,8588,10675,0,8561,10429,0,0,0,0,0,0
2022,Orange,0,0,0,216221,187653,407230,225569,177105,407053,209882,191792,401674,213592,184797,398389,216682,181911,398593,217936,179386,401929,147905,125121,273026,197213,152394,354208
2022,Osceola,0,0,0,47387,54330,102825,49907,51422,102693,47256,54536,101792,48569,52405,100974,48938,52117,101055,52827,48929,101756,50724,50444,101168,49682,50463,101171
2022,Palm Beach,0,0,0,262655,278454,543788,269839,267715,542618,259365,278339,537704,262203,271302,533505,262871,269778,532649,273863,263397,538330,223014,188418,411432,266358,267166,533524
2022,Pasco,0,0,0,75342,148083,224980,77664,143760,224441,71391,151504,222895,75064,145736,220800,73573,147319,220892,73767,148872,222642,66205,147377,220220,28135,110484,157015
2022,Pinellas,0,0,0,189563,231284,423494,192058,223747,422047,181179,237207,418386,186915,227876,414791,179627,234907,414534,202844,210021,419048,183719,230560,414279,154117,172023,326140
2022,Polk,0,0,0,80172,148254,230017,82261,144548,229498,76618,150607,227225,80060,145102,225162,79457,145892,225349,26078,148935,216992,77708,147431,225139,0,0,0
2022,Putnam,0,0,0,6196,20217,26593,6450,19812,26540,5964,20389,26353,6369,19735,26104,6365,19845,26210,0,20321,24960,0,0,0,0,0,0
2022,Santa Rosa,0,0,0,15096,60091,75698,15554,59111,75570,14867,60230,75097,15227,59386,74613,15231,59108,74339,19111,55359,74470,15345,59537,74882,4324,62927,67430
2022,Sarasota,0,0,0,84614,133354,218897,86618,129865,218416,80853,135762,216615,82846,130984,213830,83493,130239,213732,83939,131368,216609,0,0,0,40271,51795,92066
2022,Seminole,0,0,0,79664,102191,183201,83285,97761,183028,76192,104330,180522,78391,100090,178481,79234,99283,178517,82258,98276,180544,79971,100417,180388,80823,99043,179866
2022,St. Johns,0,0,0,42873,101066,144654,44371,98564,144371,41611,101281,142892,42218,99544,141762,42943,98247,141190,0,14856,19279,0,0,0,12355,17872,30227
2022,St. Lucie,0,0,0,49009,72354,121993,50851,69924,121824,48257,72532,120789,49572,69913,119485,49540,69947,119487,47960,72888,120848,0,0,0,48767,71276,120043
2022,Sumter,0,0,0,23718,65496,89464,25010,63806,89317,21814,66690,88504,23472,64047,87519,23052,64379,87431,22297,64656,88367,0,64328,83206,23743,63417,87160
2022,Suwannee,0,0,0,2650,13649,16367,3018,13125,16306,2598,13677,16275,2838,13342,16180,2754,13460,16214,2796,13272,16247,2953,13236,16189,0,0,0
2022,Taylor,0,0,0,1276,6308,7622,1495,6063,7617,1238,6353,7591,1354,6190,7544,1318,6201,7519,1439,6155,7594,1515,6041,7556,0,0,0
2022,Union,0,0,0,544,3995,4558,580,3917,4539,528,3987,4515,601,3894,4495,566,3923,4489,562,3921,4529,0,0,0,0,0,0
2022,Volusia,0,0,0,79965,144768,226246,84543,139085,225862,75668,147726,223394,80568,140870,221438,80266,140965,221231,43821,143953,215885,68742,114238,182980,51717,127782,179508
2022,Wakulla,0,0,0,3920,11033,15063,4343,10485,14998,3676,11236,14912,3809,11051,14860,3971,10869,14840,4258,10720,14978,4197,10572,14769,0,0,0
2022,Walton,0,0,0,6112,28647,34901,6326,28203,34817,5992,28663,34655,5931,28572,34503,6267,28024,34291,7167,27281,34448,6409,28060,34469,0,0,0
2022,Washington,0,0,0,1285,7786,9126,1345,7641,9095,1270,7808,9078,1255,7815,9070,1362,7679,9041,1411,7675,9086,1342,7693,9035,0,0,0
